poi_id,poi_name,road_id,road_name,rank
1,如果IfCoffee,490,龙井路,2
2,蒸早糯米饭(申花店),453,方家北路,2
3,浙江海外国际物流有限公司,2195,市心中路,2
4,捷路图文数码印刷(石桥店),1579,沈家路,2
5,恒天财富,637,学院路,2
6,玛堡壁纸,427,丰潭路,2
7,余杭蔬果直销店,434,之江路,2
8,相约.芝士焗饭(滨江店),1850,滨兴路,2
9,浙江追梦律师事务所,448,祥园路,2
10,江南一绣半永久定妆会所(HZ店),2539,天城东路,2
11,好又多超市(杭州市萧山区激光医院东北),2430,萧绍东路,2
12,便民服务点,656,西溪路,2
13,停车场,-1,"",-1
14,2号路与4号路交叉口,1498,太平门直街 Taipingmenzhi Street,1
15,遇见(下沙商贸城),2576,3号大街,1
16,华凯保险,2069,市心北路,2
17,中国体肓彩票,2462,东湖南路,2
18,IT公园停车场,78,文二西路,2
19,嘉墅街与贾家弄交叉口,800,湖墅北路,2
20,中原地产,1753,五福路,2
21,纬二路与经三路交叉口,474,之浦路,2
22,玉霞东北手工水饺,2198,星光街,1
23,银信私人财行,797,保俶北路,2
24,幸福丽人社,2683,9号大街,1
25,洪叶云台专业设计,1952,华丰路,2
26,中国建设银行杭州萧山开发区支行停车场,2298,万向路,2
27,汇德隆家电超市义蓬店停车场,-1,"",-1
28,沈晋捷钢琴艺术,1714,新月路,2
29,紫薇苑12-7号,72,闲林西路,2
30,电脑家电维修店,2565,银沙路,2
31,交通警务室,-1,"",-1
32,豪世华邦(九乔路),2368,九堡大桥,2
33,林记黄焖鸡米饭(临平店),2461,东湖南路,2
34,烟酒副食品店,2742,红垦路,2
35,美莱居饰材专卖(杭州石桥店),1643,沪昆高速线,4
36,葛港股份欣鑫创业区停车场,92,绿汀路,2
37,自产自销无公害农产品,457,丰潭路,2
38,千黄面馆,529,湖州街,1
39,新疆红枣萧山直销,2193,萧绍东路,2
40,停车场(东狮路),65,城东路,2
41,丽人堂美妆,2289,沪杭高速,4
42,胡家贵州树林黄牛肉馆,2198,星光街,1
43,昌业刻章店,1401,朝晖路,2
44,菜鸟驿站(立新村新益佳超市),2297,育才路,2
45,梦庄国际化妆品,1989,金城路,2
46,杭州萧山城厢东门花店,2335,通惠南路,2
47,依香芳苑,2189,杭海路,2
48,中国移动(信义指定专营店),2016,文明路,2
49,安吉市联胜家居厂,1896,绕城高速,4
50,凡希工作室,2243,宁东路,2
51,旧巷里冒菜,2485,学林街,1
52,孩儿巷与白泽弄交叉口,1010,庆春路,2
53,雅淇优品(临平南大街店),2461,东湖南路,2
54,电动车维修,163,访溪路,2
55,星海路,1279,半山路,2
56,春晓早餐,1384,临丁路,2
57,贝贝超市,21,207省道,3
58,缸儿巷,1287,马市街,1
59,停车场,2247,高桥路,2
60,金都夏宫2期,2198,星光街,1
61,中心食堂停车场,284,花蒋路,2
62,政清路与政苑街交叉口,464,丰潭路,2
63,黄山专线物流,1643,沪昆高速线,4
64,龙茶坊港式茶餐厅,1821,剧院路,2
65,停车场(星源北路),1384,临丁路,2
66,永旺梦乐城良渚新城店停车场,226,古墩路,2
67,停车场,320,杭富路,2
68,琪琪果品,-1,"",-1
69,黄湖开发区(公交站),-1,"",-1
70,好尚好购物超市,65,城东路,2
71,呀蜜食品,1582,新风路,2
72,Jasonwood(武林银泰店),1173,玄坛弄,1
73,新世纪华联超市(宁税店),2007,建设四路,2
74,LOSE/SOFINA杭州大厦购物城A座,968,体育场路,2
75,椿林麻辣烫(新和嘉苑店),1873,环站南路,2
76,川香缘微餐厅,61,凤新路,2
77,理想·丝联166创意产业园停车场,764,大浒街,1
78,元和养生馆,2475,新城隧道,2
79,真美达物流,1993,留石快速路,2
80,万利大厦停车场,103,高教路,2
81,川魂帽牌货冒菜(转塘街道店),265,美院北街,1
82,杭州新天地·海彼购客服中心,1097,兴业街,1
83,长虹扎带杭州总代理,2487,七格路,2
84,urara悠莱(文一路店),551,文一路,2
85,杭州小顶金融贷款,1230,中河中路,2
86,百蜜烘培面包坊,2531,德胜东路,2
87,乐肤皮肤修复中心(临平店),2461,东湖南路,2
88,珍奥临平健康体验馆,2198,星光街,1
89,主恩糖果批发商行,2007,建设四路,2
90,东成电动工具机电五金,395,萍水路,2
91,芝麻开门超市,2189,杭海路,2
92,休斯顿投资管理(杭州)有限公司,2805,学正街,1
93,明俊激光切割剪板折弯,443,学院北路,2
94,博厉童品(东沙商业广场店),2589,1号大街,1
95,邦邦香手工面水饺,1074,滨安路,2
96,钱江小学自行车租赁点,-1,"",-1
97,银瀚装饰,1310,秋涛路,2
98,康华路,1693,同协路,2
99,孩儿巷与豆腐巷交叉口,1010,庆春路,2
100,蒙爱之家,366,古墩路,2
101,HEYBABYSTUDIO,628,外东山弄,1
102,模具刻字,1919,杭海路,2
103,捷灵开锁,469,塘萍路,2
104,红豆,297,古墩路,2
105,朝晖路20号自行车租赁点,1444,艮山西路,2
106,影人会所,1722,新塘路,2
107,温州特色黄牛馆(莲花街总店),195,天目山路,2
108,停车场(皋塘一路),1813,艮山西路,2
109,纸善凸版印社,1192,沈半路,2
110,停车场(杭州圣康医院急诊西),1919,杭海路,2
111,第一健康,1687,市民街,1
112,俞顺快餐店,-1,"",-1
113,停车场(浙江省人民医院行政楼西北),1126,新市街,1
114,骆公园永兴饭店,-1,"",-1
115,味动力麻辣香锅,2710,17号大街,1
116,缘份花艺,556,文二路,2
117,大王耶板材,-1,"",-1
118,屹枫装饰,2198,星光街,1
119,花城名苑-物业管理处,2636,绕城高速 杭金衢高速,4
120,虾弄弄(高沙店),2485,学林街,1
121,酒水批发部,864,拱康路,2
122,J&C珠宝,882,绍兴路,2
123,梦兴宾馆停车场,313,绕城高速 Ràochéng Gāosù,4
124,好四季鞋包服饰城停车场,1315,钱江路,2
125,香颂乐苑停车场,2198,星光街,1
126,匠心宠物,2612,建设四路,2
127,杭州市江干区号外美发工作室,433,之江路,2
128,秀水社区便民服务中心(董家路),416,灯彩东路,2
129,轻微旅行,1327,东清巷,1
130,市民街与香樟路交叉口,1537,解放东路,2
131,嵊州特色小吃(舟山东路店),975,沈半路,2
132,停车场,2576,3号大街,1
133,瑞风钢管(文三西路店),519,益乐路,2
134,味多瓦罐(顺福路),1712,江锦路,2
135,杭州市萧山区靖江街道黎明社区居民委员会,-1,"",-1
136,龙剪发艺工作室,946,叶青兜路,2
137,下沙商贸城停车场(出口),2576,3号大街,1
138,上祥路与祥庆路交叉口,441,石祥路,2
139,自行车租赁点(永锦苑1号路南),1571,康宁街,1
140,苏阿姨柠檬奶茶,2189,杭海路,2
141,迪斯乐儿童欢乐王国主题乐园,74,104国道,3
142,修家电,424,古墩路,2
143,杭州景区钱塘江对岸LOFT精装公寓,866,滨文路,2
144,勇明麻将馆,1489,凯旋路,2
145,三星售后服务中心,2270,金家桥路,2
146,每天惠(智慧便利店),-1,"",-1
147,美香麻辣烫,2341,通惠路,2
148,冰影发屋,2316,南环路,2
149,中国婚博会,882,绍兴路,2
150,开元珠宝,2087,山阴路,2
151,公共厕所,-1,"",-1
152,语泉教育(武林门店),959,环城西路,2
153,中通快递(萧山台湾城营业部),2470,新城路,2
154,丰潭路与长江路交叉口,469,塘萍路,2
155,真乐味麻辣香锅(钱江路店),434,之江路,2
156,宽庭典藏,1141,中山北路,2
157,金典地带,1384,临丁路,2
158,新塘家园东区停车场,1677,昙花庵路,2
159,ARMANIJEANS湖滨银泰2期,1104,解放路,2
160,女洗手间,1537,解放东路,2
161,唯儿诺儿科,1704,新塘路,2
162,浙江摩尔科技有限公司,602,天目山路,2
163,奇丝妙剪(留下路店),204,西溪路 Xixi Road,2
164,帛卡袖女装,1708,泰安路,2
165,杭州西湖风景名胜区管理委员会,490,龙井路,2
166,炒菜快餐,2365,拱秀路,2
167,三洋洗衣(文岚店),743,湖州街,1
168,初见37度C(格畈南苑店),2189,杭海路,2
169,西溪优聚别墅轰趴馆,-1,"",-1
170,纬一路与纬三路交叉口,474,之浦路,2
171,兰莉轩美容养生SPA馆,2546,之江东路,2
172,完美服务部,325,三墩路,2
173,浙江音乐学院南区停车场,144,镇中路,2
174,星洲花园北区东侧地上停车场,445,竞舟路,2
175,新黄金海岸棋牌会所(东灵北路),-1,"",-1
176,精品羊绒,2189,杭海路,2
177,好好先生软装中心,1510,凤起东路,2
178,浙江浙农锦城资产管理有限公司,434,之江路,2
179,永潮街130号自行车租赁点,979,留石快速路,2
180,海盗船,265,美院北街,1
181,德胜路一五二号西自行车租赁点,1176,东晖路,2
182,中国农业银行(杭州竞舟支行),477,高技街,1
183,春天里(丁桥店),1981,长虹路,2
184,我爱我家(拱北店),882,绍兴路,2
185,卉聚花店,1224,清吟街,1
186,上海川能精密电机有限公司,2007,建设四路,2
187,CAR极速凌动汽车生活馆,1876,09省道,3
188,菜鸟驿站(杭州金沙国际3栋店),2485,学林街,1
189,中国邮政(靖港村村邮站),-1,"",-1
190,舒媛阁珠宝商行,2178,文化路,2
191,滨江旭辉万家之星售楼部,423,通运路,2
192,七分食,1637,新月路,2
193,旅苑国旅,1981,长虹路,2
194,厚仁路与同仁路交叉口,325,三墩路,2
195,川香黄焖鸡,-1,"",-1
196,跳头(公交站),26,杭徽高速,4
197,振兴五金建材商店(生兴路),2016,文明路,2
198,吉鸿家园农贸市场停车场,257,通济北路,2
199,欢乐购超市,-1,"",-1
200,天天摄影,1502,长江中路,2
201,杭州居仕贝壳酒店,1367,东新路,2
202,劲松百货,1004,河东路,2
203,桥头餐厅(四季青店),1310,秋涛路,2
204,杨柳郡地铁绿城停车场,2065,德胜路,2
205,汗蒸养生馆,-1,"",-1
206,小芳超市(西大街店),2461,东湖南路,2
207,皇诰巷与龙华巷交叉口,1104,解放路,2
208,小韩鸡蛋批发,2424,新螺路,2
209,鲁城虾扯蛋,2287,胜稼路,2
210,丹枫路与江晖路交叉口,1708,泰安路,2
211,停车场(永泰丰广场西),2204,市心北路,2
212,优家宝贝母婴店(万泰城章店),2327,09省道,3
213,重庆沸腾渝湘,1031,德胜路,2
214,忠良手机店,2273,沪杭高速,4
215,宁东路建设二路口(公交站),2282,宁税路,2
216,衢州土菜馆(长浜路),1425,沈家路,2
217,凯顺水电五金建材,1510,凤起东路,2
218,紫金保险,2198,星光街,1
219,尚和艺发型会所,2179,绕城高速,4
220,剪爱时尚潮流烫染,-1,"",-1
221,巴比松米勒庄园社区服务站(和东路),623,赵伍路,2
222,劳动路与嘉禾里交叉口,1070,高银街,1
223,a.b.art/komono(银泰百货),1493,庆春东路,2
224,浩诚棋牌,-1,"",-1
225,福建速食店(中山南路),1251,江城路,2
226,宣家埠九昌路末端自行车租赁点,2051,沪杭高速,4
227,CASAEXPRESS美式快餐速递,1629,聚才路,2
228,江虹南路与江虹路交叉口,1768,江晖路,2
229,卓雅门窗,2198,星光街,1
230,开化路与教场路交叉口,1089,延安路,2
231,出租车南3西广场(出口),1827,新塘路,2
232,双荡弄与豪曹巷交叉口,941,古河巷,1
233,烟酒副食品,-1,"",-1
234,亨福饭店(九堡直街店),2028,德胜路,2
235,祥符派出所杭州运河天地治安执勤办公室,812,金华路,2
236,崇杭街崇康路口(土业便民批发部)(公交站),836,绕城高速,4
237,东书房(天虹购物中心B座),1799,钱潮路,2
238,杭州萧山青青花艺,2566,衙前路,2
239,古墩路与灯彩街交叉口,381,长阳路,2
240,菜鸟驿站(航坞路小苹果文体用品店),-1,"",-1
241,食蜀上麻辣香锅(九堡新天地店),2230,九睦路,2
242,停车场(九堡商贸中心南),2311,仁爱路,2
243,杭州城西银泰城私享空间普通公寓,440,学院北路,2
244,H&C国际洗衣,1336,建国路,2
245,韩氏造型(笕石路),1689,机场路 Jichang Road,2
246,发匠美发,2218,下沙路,2
247,红阳旅馆,2597,文渊路,2
248,翠苑煤气灶修理中心,585,余杭塘路,2
249,逸上(银泰百货),1493,庆春东路,2
250,杭州日着设计工作室,2350,杭海路,2
251,自行车租赁点(商教苑社区北),1512,杭海路 Hanghai Road,2
252,浙江航空港经济发展公司停车场,-1,"",-1
253,章叶彪装潢店,2297,育才路,2
254,手机电脑配件专卖,2247,高桥路,2
255,招商银行24小时自助银行(杭州解放支行),1238,清泰街,1
256,福宇记黄焖鸡米饭(启迪路店),2060,建设二路,2
257,罗曼婚礼,1207,中河北路,2
258,乔洛发型,2331,通惠北路,2
259,景山路,2422,迎宾路,2
260,湖墅南路小区,941,古河巷,1
261,丝域美发馆,394,萍水路,2
262,烟酒超市,72,闲林西路,2
263,馋香缘川菜馆,2496,临东路,2
264,苏晓木业,1233,东新路,2
265,王朝美容美发护肤造型,2232,银堡街,1
266,西子国际停车场,2422,迎宾路,2
267,东流路与江晖路交叉口,1160,滨康路,2
268,杭州坤达副食品商行,2193,萧绍东路,2
269,业红图文,2669,6号大街,1
270,大浒街与支四路交叉口,804,大关路,2
271,万科租售中心,135,古墩路,2
272,蕴姿健康美肤生活馆(萧山店),2087,山阴路,2
273,杭州容声冰箱服务中心,441,石祥路,2
274,中迅大厦停车场,102,留和路,2
275,百盛蛋糕店,-1,"",-1
276,巴拉拉少儿轮滑,2542,12号大街,1
277,巴比馒头(文二路二店),432,莫干山路,2
278,金宝贝(天虹购物中心A座),1498,太平门直街 Taipingmenzhi Street,1
279,河庄自行车租赁点,-1,"",-1
280,安逸猿(银泰百货),1493,庆春东路,2
281,杭州钦皓电脑科技有限公司(浙江中小企业大厦西南),602,天目山路,2
282,RADOMSTUDIO轰趴馆,1637,新月路,2
283,世纪华联超市,1571,康宁街,1
284,丰甜果品(登云路店),643,和睦路,2
285,安婕妤专业女子护肤,2083,德胜路,2
286,停车场,2058,青年路,2
287,动力健身游泳瑜伽舞蹈,1628,滨安路,2
288,无上自然生活馆,201,绕城高速,4
289,永悦电器,1004,河东路,2
290,杭新路与转塘路交叉口,319,云河路,2
291,顺旺基大食堂(杭州东城广场),2232,银堡街,1
292,沈家桥公益性公墓管理办公室,1516,秋石高架,3
293,京浙会,2461,东湖南路,2
294,百果园(紫丁香街店),1981,长虹路,2
295,啡悦(太阁店),941,古河巷,1
296,芳芳美发屋(湘湖购物中心北),868,浦沿路,2
297,黄焖鸡米饭(老济南),410,丰庆路,2
298,杭州畔咖啡猫舍普通公寓建国北路分店,1436,环城东路,2
299,抱团养老瓶窑服务中心,75,104国道,3
300,鱼出没自助寿司(湖滨银泰店),1172,惠兴路,2
301,银泰百货停车场,1135,中山北路,2
302,杭州师范大学仓前校区学术期刊社,104,高教路,2
303,中国福利彩享店,42,杭徽高速,4
304,追随者汽车服务(逸天店),790,滨文路,2
305,杭州启家装饰工程有限公司,279,绕城高速 Ràochéng Gāosù,4
306,物业服务,80,海曙路,2
307,零食多食品店,-1,"",-1
308,彩虹城江月园22幢,987,滨盛路,2
309,佛伦斯私人订制烫染国际连锁(通益路湖州街店),677,登云路,2
310,芙蓉超市,441,石祥路,2
311,重庆土菜馆,1769,铁路出发落客平台,2
312,萧山区规划研究院,2178,文化路,2
313,来客隆超市,74,104国道,3
314,杭州绘心装修公司,1953,沪杭高速,4
315,岩倍教育,1571,康宁街,1
316,花果3水果,2258,久盛路,2
317,鸿发超市,2431,东湖路,2
318,玄武创业圆,270,西园路,2
319,长寿早餐,441,石祥路,2
320,花语谷,1944,明珠街,1
321,九天河浴场,2110,杭浦高速,4
322,停车场(闸弄口质量技术监督所东北),1520,艮山西路,2
323,停车场(山缘公寓西南),201,绕城高速,4
324,雅姿造型,201,绕城高速,4
325,闸北路江东一路口(公交站),-1,"",-1
326,Queenie·樱日妆,1010,庆春路,2
327,星光老年之家,2168,潘水路,2
328,杭州师范大学钱江学院篮球场,2485,学林街,1
329,宏飞路与滨盛路交叉口,1786,江陵路,2
330,阿朵理发烫焗,313,绕城高速 Ràochéng Gāosù,4
331,保利·香槟国际销售中心,395,萍水路,2
332,老东北现磨豆浆,2014,建设一路,2
333,瑞琪母婴馆,-1,"",-1
334,大众超市(宁东店),2005,建设四路,2
335,TIM(万达广场),441,石祥路,2
336,便民开锁修鞋服务站,557,文二路（公交逆向专用道）,2
337,忠原艺玻,-1,"",-1
338,尼尔造型(星灿路店),1384,临丁路,2
339,顶尚染烫名店,2424,新螺路,2
340,绿佳果业,1384,临丁路,2
341,文常路西溪望路口自行车租赁点,103,高教路,2
342,崇贤街道程浩水果店程鑫鲜果,1268,沈家路,2
343,市民街与森林路交叉口,434,之江路,2
344,GENIE(东沙商业广场店),2589,1号大街,1
345,萧龙印刷,2136,高架上匝道,3
346,锦鸿激光雕花,2148,沪杭高速,4
347,小小超市,2422,迎宾路,2
348,快天下中式快餐(金惠店),2215,永久路,2
349,农夫烤鱼(下沙宝利湾天地店),2546,之江东路,2
350,萧山盛泰园艺配送中心,2636,绕城高速 杭金衢高速,4
351,固陵路与青年路交叉口,1628,滨安路,2
352,文广新局-文鲜观酒店,1989,金城路,2
353,北京麻辣香锅(众乐美食城店),943,树人街,1
354,滨安路与聚业路交叉口,1630,滨安路,2
355,八块肌趣味蛋糕店,1246,金桂巷,1
356,大众早餐(中尚橄榄树花园西),1101,绕城高速,4
357,杭钢西苑社区便民服务网点,1516,秋石高架,3
358,全网通手机店,72,闲林西路,2
359,杉野制作,2219,下沙路,2
360,杭天信律师所,816,丽水路,2
361,新东名苑门窗,2505,建设四路,2
362,烟酒粮油店,231,104国道,3
363,小余装潢,874,台州路,2
364,生场廊15号,75,104国道,3
365,小吕换胎补胎,325,三墩路,2
366,福宇记黄焖鸡米饭(上绍路店),944,大关苑路,2
367,HB美甲SPA会所:彩虹城店,1019,园支二路,2
368,永福快餐(商城西路),2193,萧绍东路,2
369,国电城北供电营业厅,1579,沈家路,2
370,自行车租赁点(俞章路),1643,沪昆高速线,4
371,SPT汽车性能提升中心,910,南环路,2
372,宏阳食品店,2485,学林街,1
373,庄河路与药香路交叉口,1959,沪杭高速,4
374,浙江树人大学综合服务中心,1058,西文街,1
375,东冠路与浦西路交叉口,931,化工路,2
376,泰安路与科技馆街交叉口,1756,新月路,2
377,金鹏压绉,2148,沪杭高速,4
378,利美纹绣(河庄店),-1,"",-1
379,杭州市浦沿成人文化技术学校,966,明德路,2
380,长征桥社区四二号自行车租赁点,726,湖墅北路,2
381,杭州福寿百年礼仪服务有限公司,1333,建国北路,2
382,新青年广场停车场,953,德胜路,2
383,酸菜鱼馆,103,高教路,2
384,百果园(高沙路店),2595,4号大街,1
385,浙江金湖机电有限公司,260,文一西路,2
386,英莲副食品,-1,"",-1
387,清池路与灯彩街交叉口,127,振华路,2
388,灯彩街与紫萱路交叉口,325,三墩路,2
389,名烟名酒山货特产,55,联兴路,2
390,国元副食品商行,2193,萧绍东路,2
391,欢购百货超市(河庄店),-1,"",-1
392,汇和君亭酒店停车场,1711,铁路出发落客平台,2
393,惬意时光(桃李店),2493,学源街,1
394,逸风阁,812,金华路,2
395,哈哈镜鸭脖子(文耀店),866,滨文路,2
396,聖雅歌摄影中山中路555号,1280,皮市巷,1
397,TOGOCafe(甜味汤匙杭州店),1207,中河北路,2
398,梧桐瘦身中心,978,留石快速路,2
399,凌峰汽修,-1,"",-1
400,华数(和睦营业点),695,小河路,2
401,停车场(美院南路),352,绕城高速 Ràochéng Gāosù,4
402,UCC国际洗衣店,492,之浦路,2
403,喜得宝自行车租赁点,1430,环城东路,2
404,张同空调修理中心,1235,长庆巷,1
405,杭州运河畔河景房普通公寓分店,941,古河巷,1
406,浙江泰隆商业银行,1539,天城路,2
407,ABSlife(天街),2565,银沙路,2
408,金足订制按摩SPA,1187,中山中路,2
409,文一路湖墅路西自行车租赁点,872,湖墅南路,2
410,西湖国际科技大厦停车场,521,华星路,2
411,停车场,2247,高桥路,2
412,广玉车行,-1,"",-1
413,汇宇花园南门自行车租赁点,2335,通惠南路,2
414,G.HIMA(杭州大厦购物城B座),967,体育场路,2
415,发根副食品店,-1,"",-1
416,雪域美食村,446,丰潭路,2
417,客家超市,2578,10号大街,1
418,七里扬帆桐庐野鱼馆(装修中),325,三墩路,2
419,淳安昌运旅行社有限公司杭州拱墅营业部,950,香积寺路,2
420,一兆设计杭丝联创业园店,764,大浒街,1
421,P停车场,866,滨文路,2
422,东吴老豆浆(莲花街专门店),196,西溪路,2
423,万泰·新语销售展示中心,978,留石快速路,2
424,彩琴烟酒茶行,2636,绕城高速 杭金衢高速,4
425,乾宁斋国医馆,1256,建国南路,2
426,停车场,1921,飞虹路,2
427,慕手夫,2485,学林街,1
428,石前路,75,104国道,3
429,研色美容美甲美睫工作室,1489,凯旋路,2
430,闲林综合市场,72,闲林西路,2
431,停车场,2016,文明路,2
432,停车场,-1,"",-1
433,美壹碗,439,石祥路,2
434,平价超市,2282,宁税路,2
435,桐庐土菜馆(百田巷),1582,新风路,2
436,湖墅南路与王子街交叉口,954,密渡桥路,2
437,杭州启易科技有限公司,634,学院路,2
438,房友顾嘉地产,65,城东路,2
439,烧烤专柜,390,申花路,2
440,杭州市高新开发区(滨江)消费者协会,1628,滨安路,2
441,中国造纸化学品工业协会,1094,潮王路,2
442,莫年芝副食品店,-1,"",-1
443,乌龙巷,1224,清吟街,1
444,好又多超市(汽北线),-1,"",-1
445,鲜花花语传情(望江东路),434,之江路,2
446,邦泰人力,2576,3号大街,1
447,杭州时光医疗美容医院门诊,638,余杭塘路,2
448,媒缘客房,2216,拱秀路,2
449,杭州昌得机械有限公司,-1,"",-1
450,咬不得高祖生煎(万塘汇店),569,文三路,2
451,停车场,-1,"",-1
452,塘头桥,-1,"",-1
453,停车场,2101,蜀山路,2
454,三菱重工空调维保修理中心,1004,河东路,2
455,NALA奈拉发型公社(凤起店),1334,建国北路,2
456,磐石美术,187,镇南路,2
457,解放路秋涛路口,1652,新业路,2
458,停车场,2297,育才路,2
459,上海出口(德胜快速路西向),2065,德胜路,2
460,停车场,536,梅灵北路,2
461,浙江高等法院,598,天目山路,2
462,千年舟绿色板材(道源路),2297,育才路,2
463,至尊租车(火车站送车点),1368,江城路,2
464,香港御修堂美容养生,2350,杭海路,2
465,杭州永盛冻品商行,2016,文明路,2
466,中国邮政(永利村村邮站),2742,红垦路,2
467,江东三路西三路口(公交站),-1,"",-1
468,浙江老忠实投资公司,1690,月明路,2
469,杭州君泽婴童用品公司,2398,绕城高速,4
470,好孩子(孩子王店),2195,市心中路,2
471,乐智教育,1903,环丁路,2
472,中国工商银行24小时自助银行(杭州解放路支行),1238,清泰街,1
473,中国农业银行(杭州六和支行),721,六合路,2
474,西安风味手擀面(汇丰街店),1579,沈家路,2
475,望月社区居委会,297,古墩路,2
476,悦芙媞化妆品,2485,学林街,1
477,鹏飞书画室,2217,萧然南路,2
478,停车场(华鸿大厦北),598,天目山路,2
479,海通街211号自行车租赁点,2543,下沙路,2
480,杭州嘉德汽车俱乐部,351,文一西路 Wenyi Road (West),2
481,杭州步行至西湖独立摄影师的复古文艺理想家普通公寓(延安路分店),1178,后市街,1
482,王家果园,2398,绕城高速,4
483,姐妹饭店(振宁路),2395,振宁路,2
484,九正装饰,2462,东湖南路,2
485,樊文花店,978,留石快速路,2
486,Moon(月茶),-1,"",-1
487,力江电机,2440,月雅路,2
488,叫了只鸡,2595,4号大街,1
489,墨山繁花,1361,凤起路,2
490,大锅台,257,通济北路,2
491,老王家鲜花店(三秋路鲜花店),2006,纬九路,2
492,唯美烫染店,979,留石快速路,2
493,陈溶晖工作室,351,文一西路 Wenyi Road (West),2
494,杭海路南侧停车场,1538,解放东路,2
495,桃李苑,2493,学源街,1
496,首睿律师事务所,1582,新风路,2
497,百丈国学堂,556,文二路,2
498,杭州西湖风景名胜区停车场,925,断桥,2
499,兴业社区支行,434,之江路,2
500,Angelkiss日式美睫私人会所(城西银泰店),472,丰登街,1
501,可诺丹婷美颜美体(百井坊巷),1090,凤起路,2
502,浙江博颖装饰工程有限公司,-1,"",-1
503,党群志愿服务站,75,104国道,3
504,老娘舅(杭州文一华润云和店),906,湖墅南路,2
505,永波街与永清路交叉口,1367,东新路,2
506,潮鸣寺巷与醋坊巷交叉口,1438,环城东路,2
507,扬武跆拳道馆,389,紫荆花路,2
508,妞妞超市,2028,德胜路,2
509,阿迪达斯专柜,2297,育才路,2
510,丝源护肤造型,2595,4号大街,1
511,商业房产售楼联系处,1418,朝晖路,2
512,鲜菜水果副食店,-1,"",-1
513,江东路口(公交站),-1,"",-1
514,杭州满庭芳华教育,1695,滨和路,2
515,大禹路与金兰巷交叉口,297,古墩路,2
516,杭州益诚副食品经营部,75,104国道,3
517,花都SPA油压,979,留石快速路,2
518,车床对外加工,74,104国道,3
519,金牛座潮汕牛肉火锅(杭州店),1088,耶稣堂弄,1
520,禹倡超市(星桥店),1384,临丁路,2
521,双盛再生资源回收(皋亭桥店),1425,沈家路,2
522,老娘舅(文一路物美餐厅),634,学院路,2
523,申花路,440,学院北路,2
524,明德路与至仁街交叉口,966,明德路,2
525,芝麻开门(潮鸣营业部),1455,环城东路,2
526,怡香休闲SPA尚佳,1235,长庆巷,1
527,憬鹏教育,2198,星光街,1
528,牛焱潮汕牛肉火锅(杭州大厦购物城A座),1141,中山北路,2
529,杭州商业储运有限公司横塘仓库,1689,机场路 Jichang Road,2
530,浙江工商大学篮球场,2805,学正街,1
531,长浜,530,湖州街,1
532,鼎建商务酒店,1384,临丁路,2
533,HairWeGo,1134,朝晖路,2
534,利群水果店,1872,09省道,3
535,杭州厦信房地产咨询评估有限公司(景山路),2422,迎宾路,2
536,河景路河中路口(公交站),-1,"",-1
537,停车场,352,绕城高速 Ràochéng Gāosù,4
538,北京同仁堂中医馆,2177,杭棉路,2
539,旺角花甲(宝龙广场店),2691,12号大街,1
540,圣梦布艺,1533,华丰路,2
541,天翠中式快餐,413,梅灵北路,2
542,新市街与河东路交叉口,1125,上塘路,2
543,杭州宋城千古情主题酒店湘湖店停车场,2104,杭齿隧道,2
544,贝熙容颜健康管理私人订制,1498,太平门直街 Taipingmenzhi Street,1
545,阿君裁缝,1382,杭玻街,1
546,老妈干货店,410,丰庆路,2
547,宣伟涂料(油虎线),-1,"",-1
548,FITTIME健身俱乐部,492,之浦路,2
549,锦福隆石雕馆,256,绕城高速,4
550,邦杰桑拿泳池设备批发,895,复兴路,2
551,亿家图文,2228,九乔路,2
552,杭州萧山瓜沥卫芳家电维修部,-1,"",-1
553,杭州宝辉物资有限公司,864,拱康路,2
554,刘记水煮煲,2485,学林街,1
555,威斯·希顿大酒店停车场,391,申花路,2
556,诺贝尔瓷砖(月星家居),530,湖州街,1
557,杜小姆凉皮铺,702,教工路,2
558,半山镇半山村星光老年之家,1382,杭玻街,1
559,温州银行ATM(庆春路),1336,建国路,2
560,邦纳福干洗(塘河店),609,余杭塘路,2
561,便民饼屋,-1,"",-1
562,停车场(文溯南路),2595,4号大街,1
563,WHOO专柜,1493,庆春东路,2
564,U洗车,1444,艮山西路,2
565,UCC国际干洗店铺,42,杭徽高速,4
566,艾得护肤,75,104国道,3
567,华贸国际货运有限公司(跑马场路),657,曙光路,2
568,小芳超市(水车河弄店),2422,迎宾路,2
569,滨江·万家星城销售中心,1105,兴业街,1
570,得艺忘型(萧然东路),2312,回澜路,2
571,大咖烤鱼(长山店),2475,新城隧道,2
572,一家客020社区便利店,102,留和路,2
573,浩林超市(长河长一社区卫生服务站西北),1454,时代大道高架,3
574,浙江省疾病预防控制中心慢病研究所,1316,南北支路,2
575,弘康养生,59,城南路,2
576,杭州同胜科技有限公司,637,学院路,2
577,MindBridge(嘉里中心店),1007,庆春路,2
578,杭州彩球坊贸易有限公司,1200,中山中路,2
579,杭州联合农村,381,长阳路,2
580,鑫悦烟酒土特产,1436,环城东路,2
581,许鲜生麻辣烫·烧烤(金鸡店),1987,金城路,2
582,中国体育彩票,1641,景芳路,2
583,杭州维景国际大酒店-娱乐会所,1280,皮市巷,1
584,林静茶庄(梅家坞店),-1,"",-1
585,大众快餐(皋亭新苑西),1192,沈半路,2
586,生煎粥铺,1137,平海路,2
587,好皮肤修复中心,1919,杭海路,2
588,中信特种玻璃,1919,杭海路,2
589,越航农庄,-1,"",-1
590,百姓购物超市,2148,沪杭高速,4
591,品牌公寓出租,974,八丈井东路,2
592,8090形象设计室,2377,商城西路,2
593,建娣食品店,-1,"",-1
594,孙国华挖机租赁部,-1,"",-1
595,杭州复大医疗门诊部,1158,德胜快速路,2
596,杭州飞毛腿企业事务代理,267,杭宁高速,4
597,美石记石锅拌饭(永乔路店),2350,杭海路,2
598,好山装饰材料,1677,昙花庵路,2
599,苹果零售店(乔莫东路),2350,杭海路,2
600,康华路与石大路交叉口,1757,同协路,2
601,停车场,48,杭长高速,4
602,杭州江南专修学院-十亩田书院,966,明德路,2
603,柏林花艺,1438,环城东路,2
604,航宇园艺资材批发部,1643,沪昆高速线,4
605,中国移动(三鼎博友指定专营店),439,石祥路,2
606,霍氏水族(宏丰店),72,闲林西路,2
607,初见花店,1097,兴业街,1
608,余杭周琦生诊所,66,城东路,2
609,杭州幻想数码,903,武林巷,1
610,东太平巷与高银街交叉口,1228,望江路,2
611,惠都家园东区(北门),2274,09省道,3
612,FM1零4.5用户运营中心,982,混堂桥,2
613,海丫洗吧,2005,建设四路,2
614,杭州星久酒店,1587,双菱路,2
615,西兴街道成人文化技术学校,1834,白马湖路,2
616,彩虹快速路入口与滨文路交叉口,806,新浦路,2
617,紫樱花日本料理(延安路店),1087,百井坊巷,1
618,浙医一院潘方仁分院城站院区CT室,1354,清泰街,1
619,中国移动(国华手机专卖店),127,振华路,2
620,台湾苏氏牛排(九堡店),2189,杭海路,2
621,龙之语家纺大卖场,1315,钱江路,2
622,文平副食品商店,-1,"",-1
623,杭州市医药特有工种职业技能鉴定站,1207,中河北路,2
624,知遇网吧,-1,"",-1
625,吴越历史文书博物馆(西北门),2330,通惠路,2
626,NORTHLAND,1820,之江路,2
627,五福文化苑,1799,钱潮路,2
628,杭州承文堂医药有限公司,866,滨文路,2
629,中信银行杭州玉泉支行停车场,639,西溪路,2
630,同安寺,-1,"",-1
631,尚堂书店,1094,潮王路,2
632,浙江省快递行业协会,1276,钱江路,2
633,勾庄果蔬直销点,2517,幸福南路,2
634,帝臣汽车用品,2007,建设四路,2
635,武林街道社会治安综合治理工作中心凤麟社区工作站,1141,中山北路,2
636,农家五味(乔司街道毛桃西街),2350,杭海路,2
637,爱尚女装银饰,1872,09省道,3
638,财通证券第二分公司,434,之江路,2
639,玫瑰园洗衣(万家星城店),1105,兴业街,1
640,世纪华联超市(秀月店),429,留祥路,2
641,长河汽车修理有限公司汽车销售分公司,2007,建设四路,2
642,萧山任丹体育用品,2295,育才路,2
643,中国光大银行(杭州滨江支行),1690,月明路,2
644,朝晖初中,2097,南环路,2
645,川味人家(星桥北路),1384,临丁路,2
646,左邻右舍超市,2311,仁爱路,2
647,杭钢冶金科技大厦停车场,598,天目山路,2
648,汉密哈顿(靖江路店),-1,"",-1
649,港信酒店,2496,临东路,2
650,开元名都大酒店-乒乓球室,2087,山阴路,2
651,杭州慧慧机械有限公司,2297,育才路,2
652,萧富钢材,-1,"",-1
653,玉古桥,725,黄龙路,2
654,PERNELLE(万象城),1821,剧院路,2
655,出租车北3东广场(出口),1826,新塘路,2
656,明红花艺婚庆,941,古河巷,1
657,立祥跆拳道馆,2423,迎宾路,2
658,中国农业银行(杭州义桥支行),-1,"",-1
659,东风日产杭州万风专营店,2442,临东路,2
660,讴歌展厅,394,萍水路,2
661,芸台书舍(梦想小镇店),-1,"",-1
662,南文化站,623,赵伍路,2
663,蓝鸽家纺,265,美院北街,1
664,杭州日报报业集团每日送(采荷发行站),1494,庆春东路,2
665,信逸房产,-1,"",-1
666,四季青服装集团南区,1263,秋涛路,2
667,苍南来茂印业艾莱客酒店,2312,回澜路,2
668,西湖天街,1035,学士路,2
669,金林门窗,-1,"",-1
670,中国体育彩票,434,之江路,2
671,侨扬石业,366,古墩路,2
672,杭州东站(检票口4B),1802,新塘路,2
673,雅艺琴行(滨江店),1684,江晖路,2
674,光复路与高银街交叉口,1278,建国南路,2
675,芳芳水果超市,-1,"",-1
676,德克士(罗马春天餐厅),1820,之江路,2
677,菓本堂(东城广场店),2241,九恒路,2
678,白马路与长江路交叉口,-1,"",-1
679,星吼网络科技,441,石祥路,2
680,四川人家(城南路),65,城东路,2
681,自行车租赁点(合丰花苑西),2198,星光街,1
682,匠心工作室,434,之江路,2
683,江南园林,2636,绕城高速 杭金衢高速,4
684,中山北路与秋水弄交叉口,1189,中河高架,3
685,浙江大学华家池校区邮政储蓄ATM,1641,景芳路,2
686,钱塘江,658,闻涛路,2
687,SKECHERS(西溪印象城),205,天目山路 Tian Mu Shan Road,2
688,美蓉副食品店(宝林路),55,联兴路,2
689,慧娟糖果,2193,萧绍东路,2
690,星海国际酒店-维也纳西餐厅,-1,"",-1
691,杭州西湖国际高尔夫乡村俱乐部,254,绕城高速 Ràochéng Gāosù,4
692,养生街,955,潮王路,2
693,永承汽车服务中心,9,南环路,2
694,杭州德胜收费站入口(金华方向),2026,德胜路,2
695,晨光文具(沾康线),865,康桥路,2
696,董家社区残疾人工作服务站,1490,三里亭路,2
697,豪世华邦(采荷店),1648,采东路,2
698,新州花苑东区(西2门),1856,滨和路,2
699,气味王国,702,教工路,2
700,浙江音像出版社,961,环城北路,2
701,宝泽轩,1538,解放东路,2
702,庆春路与湖滨路交叉口,1089,延安路,2
703,新惠浴室,1232,东新路,2
704,音悦课,878,南环路,2
705,公共厕所,974,八丈井东路,2
706,浙江省物产集团公司浙江经济职业技术学院汽车后服务连锁产业学院,2805,学正街,1
707,翠苑街道,602,天目山路,2
708,稻草人浙江总代理,885,上塘路,2
709,杭州吉辰创意婚礼婚庆策划工作室,1134,朝晖路,2
710,安徽大排档(沈家路),1268,沈家路,2
711,拱墅区民防局,626,严家桥街,1
712,普臣资产管理有限公司,1268,沈家路,2
713,中国联通(极民合作营业厅),-1,"",-1
714,四海花城,1498,太平门直街 Taipingmenzhi Street,1
715,清真兰州拉面(长明寺巷店),1354,清泰街,1
716,中国福利彩票,204,西溪路 Xixi Road,2
717,广厦篮球俱乐部,872,湖墅南路,2
718,LI-NING(恒隆广场),2087,山阴路,2
719,吉如社区老年活动室,674,通益路,2
720,甜心鸭子(上城店),1365,望江路,2
721,艮山支二路,1622,秋涛路,2
722,好得火锅(建设四路店),2243,宁东路,2
723,伟业路(地铁站),1017,滨康路,2
724,停车场(出口),2345,杭浦高速,4
725,联庄村老年活动室,910,南环路,2
726,南钻广场,2426,站前东路,2
727,天邑国际大厦1幢,626,严家桥街,1
728,晨豪集成吊顶,1654,华中路,2
729,公用电话(杭州大厦购物城B座),968,体育场路,2
730,罗纳咖啡(红街天城南),1769,铁路出发落客平台,2
731,安徽香菜馆(海达南路),2542,12号大街,1
732,欧卡教练(杭州中心),967,体育场路,2
733,杭州银行(拱宸桥支行),853,上塘路,2
734,星爱宠物诊疗,1872,09省道,3
735,兰州牛肉拉面(双港路店),127,振华路,2
736,中国农业银行(杭州市城西支行),521,华星路,2
737,计量校准检验所,1279,半山路,2
738,萧山中信,2007,建设四路,2
739,婴儿换洗间(城西银泰城),518,塘萍路,2
740,菲狐眼镜超市(德胜店),1158,德胜快速路,2
741,杭州白马湖建国饭店员工宿舍,1435,冠山隧道,2
742,甘其食(三里亭店),1429,董家桥路,2
743,中国电信天翼(石桥店),1545,秋涛路 Qiutao Road,2
744,小卫兵英伦风情餐厅,441,石祥路,2
745,芒果电脑,601,天目山路,2
746,简艺美术,2115,萧杭路,2
747,庆春广场地铁站E口,1713,杭海路,2
748,21世纪不动产,42,杭徽高速,4
749,沈家门渔港地面停车场,1143,环城北路,2
750,杭州怡乐口腔诊所,2189,杭海路,2
751,中国太平洋人寿保险股份有限公司,2230,九睦路,2
752,杭州德胜收费站入口(上海方向),2056,德胜路,2
753,东壹咖啡,2811,23号大街,1
754,欧林如海地板(华达路),75,104国道,3
755,停车场,389,紫荆花路,2
756,杭州大金家用中央空调专业店(体育场路分店),1430,环城东路,2
757,满意龙虾,1539,天城路,2
758,杭州威迩装饰工程有限公司,2316,南环路,2
759,杭州容芝焕美容养生馆,963,环城北路,2
760,宁围神的教会,2369,九堡大桥,2
761,杭州市中医院骨伤科门诊,1006,武林路,2
762,文成县人民政府驻杭州办事处,940,德胜巷,1
763,平安银行24小时自助银行(杭州钱江小微企业专营支行),1525,鲲鹏路,2
764,停车场(银沙路),2535,华景街,1
765,绿水数码,1031,德胜路,2
766,重庆麻辣烫,-1,"",-1
767,晓雅干洗店,-1,"",-1
768,日升水果蔬菜店,2344,杭浦高速,4
769,壹家懿超市,269,余杭塘路,2
770,扬帆家电,285,留祥路,2
771,胡计副食品店,2292,北干山隧道,2
772,random咖啡,2017,奔竞二路,2
773,西溪国家湿地公园-曲水庵,195,天目山路,2
774,菜鸟托运站,147,104国道,3
775,巨飞教育,395,萍水路,2
776,十足便利店(银沙路店),2540,天城东路,2
777,学院北路与申花路交叉口,443,学院北路,2
778,中国银行24小时自助银行(圆正·启真酒店西南),364,藕舫路,2
779,久旺中式快餐(萧山市心路店),2159,人民路,2
780,泓利香烟水果便利店,2570,14号大街,1
781,浙旅商场,-1,"",-1
782,小南洋螺蛳王酒店,1368,江城路,2
783,埃迪蒙托(杭州特力屋),804,大关路,2
784,同丰物流公司,1906,笕丁路,2
785,下沙金沙湖营业厅,2539,天城东路,2
786,五洲国际广场停车场,366,古墩路,2
787,德邦(杭机路店),-1,"",-1
788,济民园,2105,金鸡路,2
789,七星电脑,1673,艮山西路,2
790,第1世界大酒店停车场,2104,杭齿隧道,2
791,停车场,2485,学林街,1
792,杭州龙图通信技术有限公司,954,密渡桥路,2
793,精鑫不锈钢,2439,月雅路,2
794,左宣时尚造型,-1,"",-1
795,停车场(悦墅西北),2274,09省道,3
796,杭州育才中学-4号教学楼,804,大关路,2
797,必胜客(乔司华荣城店),2350,杭海路,2
798,明德地产,311,吉鸿路（紫金港北路）,2
799,上城区复兴住宅小区业主委员会,434,之江路,2
800,民权路与民生路交叉口,1238,清泰街,1
801,栖园弄与芭园弄交叉口,1615,近江南路,2
802,浙江地勘大楼,965,环城西路,2
803,艾咖咖啡,78,文二西路,2
804,何家坝(公交站),244,龙章路,2
805,参茸专卖行,2258,久盛路,2
806,甲缘美甲化妆,2461,东湖南路,2
807,闲林移动营业厅,72,闲林西路,2
808,杭州萧山瓜沥小胡园艺场,-1,"",-1
809,豪世华邦(香积寺路),1162,长德路,2
810,盛世嘉园,72,闲林西路,2
811,万德创意设计,655,曙光路,2
812,靓瑞形象设计,1327,东清巷,1
813,文三巷与马塍路交叉口,918,混堂巷,1
814,Mystery(银泰百货A馆),1141,中山北路,2
815,停车场,2325,利华路,2
816,4Ucafe(景芳路店),1704,新塘路,2
817,虾老盱眙小龙虾,2596,德胜东路,2
818,建华汽车服务部,1097,兴业街,1
819,杭州京都医院泌尿外科中心,1158,德胜快速路,2
820,西施文化公园,2297,育才路,2
821,皖浙排挡,-1,"",-1
822,慧兴副食品,-1,"",-1
823,华海空调修理中心,926,文晖路(公交专用道),2
824,泰山石膏板店,1666,江虹路,2
825,中国移动商城中路营业厅停车场,2193,萧绍东路,2
826,豪侠网络,1690,月明路,2
827,景芳创坚门窗,1704,新塘路,2
828,阿里影业,637,学院路,2
829,正蒙房产,2350,杭海路,2
830,耶稣教堂,2247,高桥路,2
831,宝堤蓝女子瑜伽美容会所,865,康桥路,2
832,杭州求知人才专修学校,2581,5号大街,1
833,特色重庆酸菜鱼(萧山店),2298,万向路,2
834,创意二路,182,绕城高速 Ràochéng Gāosù,4
835,修补定制篷布,1097,兴业街,1
836,近秋(长生路店),1202,中河高架,3
837,法克造型,-1,"",-1
838,夏莲路与桃源街交叉口,1192,沈半路,2
839,诚宇数码产品商行,2576,3号大街,1
840,专业锁眼,2350,杭海路,2
841,停车场(闲林东路),72,闲林西路,2
842,浙江浙同律师事务所,1143,环城北路,2
843,杭海路与秋涛路交叉口,1538,解放东路,2
844,阿娟花圈礼品店,75,104国道,3
845,鼎峰打印打样,1757,同协路,2
846,停车场(水滴·爱情公寓东),2597,文渊路,2
847,中国农业银行24小时自助银行(工大三路),1176,东晖路,2
848,中国建设银行(杭州大关支行),884,绍兴路,2
849,超级汉堡店(仓前店),103,高教路,2
850,六中车站,-1,"",-1
851,百盛百货超市,2189,杭海路,2
852,中共中国农业银行浙江省分行委员会,1877,之江路,2
853,零距离健身游泳中心,1475,秋溢路,2
854,海鲜辣卤(下沙店),2485,学林街,1
855,方回春堂综合中医门诊,1704,新塘路,2
856,罗曼地客客栈,973,沈半路,2
857,中骅物流(余杭区瓶窑镇营业部),74,104国道,3
858,西拾烘焙,978,留石快速路,2
859,华达不锈钢(城东路),2450,新城路,2
860,竞舟北路申花路口自行车租赁点,446,丰潭路,2
861,杭州特洁汽车钣金油漆快修,2289,沪杭高速,4
862,特色石锅鱼,423,通运路,2
863,商教苑社区社区文化活动中心,1512,杭海路 Hanghai Road,2
864,丽涵美容,1761,五福路,2
865,杭州市民卡代理服务点(高教路),109,茶师庵路,2
866,迈道夫汽车服务连锁店(政苑小区店),479,余杭塘路,2
867,恒庐美术馆,1067,劳动路,2
868,香樟公寓停车场(入口),464,丰潭路,2
869,荣华副食品店,26,杭徽高速,4
870,啖啖龙虾,-1,"",-1
871,乐富智汇园停车场,507,祥茂路,2
872,城西旅馆(萧西路),2088,萧西路,2
873,ModernHouse(银泰城),1070,高银街,1
874,星星宝贝早教幼教中心,723,六合路,2
875,东方龙广告传媒有限公司,1690,月明路,2
876,糖果屋儿童游乐园,1555,秋涛路,2
877,经纶空调修理中心,1638,秋涛路,2
878,龙格亲子游泳俱乐部(江陵路),1786,江陵路,2
879,黄龙体育中心魔方学院,725,黄龙路,2
880,停车场,2198,星光街,1
881,就是茶(长生路号店),1174,岳王路,2
882,铜山(公交站),-1,"",-1
883,滨江区政府(公交站),1786,江陵路,2
884,尤家丽(江干店),1493,庆春东路,2
885,味茶餐厅(四眼井店),707,虎跑路,2
886,普莉赛诗海洋美容院(西湖文化广场店),1143,环城北路,2
887,永峰家政,65,城东路,2
888,小丫水果(乐园路店),2088,萧西路,2
889,古塘路30-2号,1928,西兴路,2
890,杭州师范大学仓前校区人文社科处,103,高教路,2
891,长木空调修理中心,1232,东新路,2
892,杭州宏诚房地产经纪有限公司,2461,东湖南路,2
893,希蕊东方舞,595,万塘路,2
894,悸动奶茶烧仙草,2198,星光街,1
895,森森水族(荆山湾路),72,闲林西路,2
896,九堡三区三排,2241,九恒路,2
897,铂杰造星坊,354,金家渡路,2
898,双利食品经营部,1673,艮山西路,2
899,上塘高架,409,储运路,2
900,临安山核桃(九隆购物中心西北),1972,之江东路,2
901,杭州市人大常委会,1652,新业路,2
902,双灵村文化长廊,-1,"",-1
903,浩通手机店,55,联兴路,2
904,园区二路与杨家墩街交叉口,966,明德路,2
905,江南条码(江南条形码余杭店),93,绿汀路,2
906,温顺假日酒店,366,古墩路,2
907,杭州三里洋物流有限公司(三里洋路),860,拱康路,2
908,房山饮苕,1070,高银街,1
909,华洋宏大服务中心,2159,人民路,2
910,路易摩登陶瓷(商贸路),-1,"",-1
911,我爱我家(清水公寓店),1004,河东路,2
912,左邻·右舍(蒙卡岸店),9,南环路,2
913,撩虾(紫金港店),453,方家北路,2
914,宏伟防水(九横路),2028,德胜路,2
915,大和弄与麒麟街交叉口,1181,仙林桥直街,1
916,史家埭路5号停车场,2461,东湖南路,2
917,方英粮油烟酒食品店,-1,"",-1
918,浙大网新软件园停车场(入口),259,留祥路,2
919,宝丽眼镜(西田城),432,莫干山路,2
920,婺江路地铁站A口,1276,钱江路,2
921,久水甸,968,体育场路,2
922,东北美食(军华路店),2448,绕城高速,4
923,中国计量大学东生活园区篮球场,2485,学林街,1
924,鑫鑫美发工作室,1520,艮山西路,2
925,长乐路小区,842,上塘路,2
926,余杭区射击协会木仓会,2423,迎宾路,2
927,开开内衣(下沙商贸城),2576,3号大街,1
928,雪妮工作室,265,美院北街,1
929,伟鹏家电(仓前店),-1,"",-1
930,自行车租赁点,-1,"",-1
931,杭州鼎点广告有限公司,963,环城北路,2
932,文新教会,457,丰潭路,2
933,娃娃机(中大银泰城1号楼),978,留石快速路,2
934,张记黄焖鸡米饭,1752,江晖路,2
935,大自然床垫,437,竞舟北路,2
936,北山公园-萧山区烈士纪念碑,2293,育才路,2
937,苁蓉中医,1786,江陵路,2
938,古运酒楼,1872,09省道,3
939,杭州住房公积金管理中心,1786,江陵路,2
940,乡牌塘,-1,"",-1
941,卡蓝巴名车护理中心,297,古墩路,2
942,小田美甲,2028,德胜路,2
943,利娟理发店,127,振华路,2
944,杭州易众汽车用品商行,584,上塘高架,3
945,自行车租赁点(七堡社区南),1972,之江东路,2
946,一品港式煲仔饭(中大银泰店),978,留石快速路,2
947,之江路与碧波路交叉口,308,紫之隧道,2
948,杭州特灵中央空调,2070,市心北路,2
949,尚妆造型,609,余杭塘路,2
950,川湘菜馆(花牌楼),201,绕城高速,4
951,头图园,1630,滨安路,2
952,澳洁洗染,2531,德胜东路,2
953,新湾街道,-1,"",-1
954,浙江省环境监测中心停车场,698,黄姑山路,2
955,绿洁家政,691,康桥路,2
956,五味园美食餐厅,2700,文溯路,2
957,嵊州小吃(集萃路店),285,留祥路,2
958,停车场(园丁公寓北),265,美院北街,1
959,石一,1331,太平门桥弄,1
960,杭州美雅汽车服务有限公司(道源路),2362,大通路,2
961,童星小主持,1786,江陵路,2
962,宁海巷与定海街交叉口,815,湖州街,1
963,华亿碟刹杭州办事处,802,大关路,2
964,中国建设银行24小时自助银行(杭州城站支行),1354,清泰街,1
965,杭州联合银行(茅家埠分理处),617,龙井支路,2
966,洪高超市,1654,华中路,2
967,Reemoor舒软鞋(城西银泰城),518,塘萍路,2
968,中国农业银行24小时自助银行(杭州望江支行),1276,钱江路,2
969,燃卡运动空间(文晖路店),954,密渡桥路,2
970,万家电脑,325,三墩路,2
971,杭州联合银行(杭富分理处),313,绕城高速 Ràochéng Gāosù,4
972,龙门客栈停车场(入口),109,茶师庵路,2
973,Breaker·抹茶,1494,庆春东路,2
974,杭州永东建设有限公司,1872,09省道,3
975,里德房产,634,学院路,2
976,胜华副食品店,72,闲林西路,2
977,孝友里,1224,清吟街,1
978,奔竞大道市心路口(公交站),2069,市心北路,2
979,味捷外卖(北软店),448,祥园路,2
980,麦当劳(黄龙店),657,曙光路,2
981,LED显示屏,1094,潮王路,2
982,詹姆仕芝士排骨(中大银泰城店),978,留石快速路,2
983,东北饭店(八角亭街),1643,沪昆高速线,4
984,杭州佳宜医药技术有限公司,602,天目山路,2
985,杭州市启源中学(建设中),2810,绕城高速,4
986,中国邮政储蓄银行24小时自助银行(下沙营业所),2625,8号大街,1
987,杭州开发区工商分局,2548,上沙路,2
988,浙江大学城市学院北校区问源楼1号楼,814,湖州街,1
989,鼎昊轩,1271,望江路,2
990,宝鼎堂,1242,望江路,2
991,世茂广场-销售中心,2741,之江东路,2
992,杭州江干工程车协会,2258,久盛路,2
993,育鹰创业孵化基地,1058,西文街,1
994,西溪金座,153,文一西路,2
995,铜鼓路与银鼓路交叉口,1402,富春路,2
996,FellwellClub,1875,车站南路,2
997,亚朵酒店(杭州滨江滨文路),899,园区二路,2
998,众泰售后,376,勾运路,2
999,映翠路与长江路交叉口,-1,"",-1
1000,联庄2区86号楼,1009,伟业路,2
1001,河南烩面(星桥店),1384,临丁路,2
1002,龙鑫客房(胜利闸路),1031,德胜路,2
1003,路易·蒂妃(橡树巷),472,丰登街,1
1004,丰悦路青年路口(公交站),-1,"",-1
1005,自行车租赁点(杰立大厦东),1545,秋涛路 Qiutao Road,2
1006,文鼎苑物业服务中心,366,古墩路,2
1007,紫云饭店停车场,867,保俶路,2
1008,力巨人集成灶萧山专卖店,1988,跨月路,2
1009,家友超市(德胜东路),2493,学源街,1
1010,自行车租赁点,2028,德胜路,2
1011,中化石油浙江有限公司,1783,庆春隧道,2
1012,老杭州早餐,958,北山街,1
1013,经济技术开发区樽甄甜品店,2625,8号大街,1
1014,停车场,2124,南环路,2
1015,漂亮宝贝(宝丰路),2742,红垦路,2
1016,Mr.Coffee,1494,庆春东路,2
1017,杭州浦沿镇汽配铸造厂,1435,冠山隧道,2
1018,拱墅区劳动人事争议仲裁委员会劳动争议仲裁派出庭,507,祥茂路,2
1019,杭州创新门窗装潢店,2232,银堡街,1
1020,圣宠宠物(萧山店),2134,工人路,2
1021,盱眙陈氏龙虾烧烤,324,好运路,2
1022,雅堂小超(金沙学府店),2668,6号大街,1
1023,中国石化汽车养护,1097,兴业街,1
1024,东山农贸市场水果配送中心50,657,曙光路,2
1025,佛罗伦萨简餐,973,沈半路,2
1026,纯翠,2462,东湖南路,2
1027,修车摊,1510,凤起东路,2
1028,杭州大厦珠宝俱乐部,967,体育场路,2
1029,蜂之语专卖(邱山大街店),2461,东湖南路,2
1030,开元名都,2087,山阴路,2
1031,沈邱线,-1,"",-1
1032,极客酷玩,185,文一西路,2
1033,恒合手机连锁,177,绕城高速 Ràochéng Gāosù,4
1034,卡卡网咖(城市果岭店),2825,银海街,1
1035,朝晖街道河东社区健身点,1125,上塘路,2
1036,巴拉巴拉(城西银泰城),488,拱苑路,2
1037,五迪中心(建设中),103,高教路,2
1038,老头儿油爆虾(新风店),1716,天城路,2
1039,汉庭酒店(杭州翠苑店),637,学院路,2
1040,衢味便当,1251,江城路,2
1041,花中城(五福店),1498,太平门直街 Taipingmenzhi Street,1
1042,洁丰干洗(亿城嘉园店),1571,康宁街,1
1043,崇德堂,942,七古路,2
1044,万商汇电子市场(邮政枢纽大楼西),2193,萧绍东路,2
1045,浙工大图书馆图书教材中心,1095,潮王路,2
1046,和平广场美食城停车场(出入口),882,绍兴路,2
1047,渣打银行(杭州武林支行),1141,中山北路,2
1048,岩手手艺寿司,1790,春晓路,2
1049,VEROMODA(恒隆广场店),2195,市心中路,2
1050,北京片皮鸭,2235,城河街,1
1051,丝蜜达,1384,临丁路,2
1052,ORLANE(万象城),1821,剧院路,2
1053,川辣王江西菜馆,2028,德胜路,2
1054,曲工影音设备,529,湖州街,1
1055,可佳基自选快餐,507,祥茂路,2
1056,停车场(功虎社区东北),366,古墩路,2
1057,兰州牛肉拉面(康宁路店),978,留石快速路,2
1058,杭州市流浪猫绝育定点动物医院,366,古墩路,2
1059,蓝色沸点量贩KTV(绍兴路),1232,东新路,2
1060,游船售票处,205,天目山路 Tian Mu Shan Road,2
1061,猫精咖啡,1145,环城北路,2
1062,保先文化用品,-1,"",-1
1063,杭州站军人候车区,1354,清泰街,1
1064,欣睿电脑店,1654,华中路,2
1065,数源科技股份有限公司(5号大街),2578,10号大街,1
1066,黄湖街(公交站),-1,"",-1
1067,兄弟汽车服务(海塘路),2430,萧绍东路,2
1068,天一科技手机维修中心,2311,仁爱路,2
1069,府前街与蔡官巷交叉口,1165,十五奎巷,1
1070,湖北鑫惠丰物流萧山分公司,2007,建设四路,2
1071,金贝儿童主题乐园,2594,1号大街,1
1072,景昙路与景芳路交叉口,1704,新塘路,2
1073,杭州市人事考试办公室,1134,朝晖路,2
1074,星河嘉园第1排,2198,星光街,1
1075,乐恩美妆摄影工作室,576,智泉路,2
1076,校园卡服务部(树人路),624,求是路,2
1077,楚庆巷与珠碧二弄交叉口,1438,环城东路,2
1078,正宗兰州拉面刀削面(广景酒店西),-1,"",-1
1079,伟星管(秋涛北路),1674,艮山西路 Genshan Road (West),2
1080,停车场,2038,青年路,2
1081,假山路与德胜巷交叉口,1004,河东路,2
1082,NEWearMeters/bonwe,950,香积寺路,2
1083,新颜Shinebeautylounge,968,体育场路,2
1084,兰卡婚庆,1430,环城东路,2
1085,周生生(解百新世纪商厦),1187,中山中路,2
1086,乡米堂鸡米饭粗菜馆,550,文一路,2
1087,浙江水利水电学院,2815,文海南路,2
1088,留下街道敬老院,204,西溪路 Xixi Road,2
1089,云玲农夫,557,文二路（公交逆向专用道）,2
1090,杭州市残疾人托管中心,1788,绕城高速,4
1091,文化巷与文北巷交叉口,557,文二路（公交逆向专用道）,2
1092,杭州萧山国际机场(1F国内到达6号门),-1,"",-1
1093,庆华饭店,1332,建国路,2
1094,浙江警官职业学院汽车驾驶培训中心,2733,文津路,2
1095,老北京炸酱面(上沙路旗舰店),2540,天城东路,2
1096,北秀路与秋悦路交叉口,1192,沈半路,2
1097,松鼠便利(水乡华庭店),-1,"",-1
1098,杭州滨江医院骨科,1354,清泰街,1
1099,牛骨骨汤麻辣烫,966,明德路,2
1100,度豪大酒店停车场,311,吉鸿路（紫金港北路）,2
1101,郡庭路与隐秀路交叉口,683,景苑路,2
1102,朗思英语,1141,中山北路,2
1103,扶梯(西田城),432,莫干山路,2
1104,二毛土猪肉(流水苑店),1444,艮山西路,2
1105,杭州弄潮儿文化创意有限公司,2741,之江东路,2
1106,嘉华通讯器材商行,2193,萧绍东路,2
1107,安德巷与科技馆街交叉口,1714,新月路,2
1108,萨诺食品烟酒直供(龙山店),1654,华中路,2
1109,龙坞文印室,256,绕城高速,4
1110,重庆鸡公煲,2007,建设四路,2
1111,中国电信(大井营业厅),2096,绕城高速,4
1112,江南门窗(杭乔路),2311,仁爱路,2
1113,杭州市公安局交通纠察大队西湖中队,700,老曙光路 Laoshuguang Road,2
1114,稳健电器,529,湖州街,1
1115,万事利医院-高压氧舱,1031,德胜路,2
1116,一品烤猪蹄,1981,长虹路,2
1117,火锅郎(金沙学府店),2669,6号大街,1
1118,浪花俱乐部,735,跑马场巷,1
1119,丽婴房专柜,2297,育才路,2
1120,杭州星矢投资管理有限公司,2548,上沙路,2
1121,汇和城购物中心南区,1716,天城路,2
1122,发源地美发工作室(联胜路),124,联胜路,2
1123,品全超市,2424,新螺路,2
1124,奥亚精品中心,2443,德胜东路,2
1125,中国农业银行(西兴支行),1928,西兴路,2
1126,兰州拉面(金一路),2007,建设四路,2
1127,仁和司法所停车场(入口),267,杭宁高速,4
1128,中汇税务师事务所,585,余杭塘路,2
1129,音乐教室,432,莫干山路,2
1130,丰巢快递柜,2247,高桥路,2
1131,杭州余杭德鑫包装有限公司,1876,09省道,3
1132,杭州联合银行停车场,390,申花路,2
1133,逸和房产,2461,东湖南路,2
1134,石头府音乐餐厅,2462,东湖南路,2
1135,杭州樱花园停车场,-1,"",-1
1136,七樽醉,1513,华池北路,2
1137,杭州市交通事故快速处理保险理赔港昌服务中心,442,灵溪隧道,2
1138,重庆邓氏烤鱼(常二路),126,常二路,2
1139,鲜果船,1668,03省道,3
1140,尚坤紫萱停车场,274,池华街,1
1141,园区路,1931,艮山东路,2
1142,索福门业(城北商贸园西北),366,古墩路,2
1143,春旺SF菜,1456,滨兴路,2
1144,富山工艺,1614,齐飞路,2
1145,丰巢自提柜,227,晴川街,1
1146,徐叶飞民宿,-1,"",-1
1147,中国体育彩票,415,莲花街,1
1148,卓越通讯,127,振华路,2
1149,周家斗78号楼,154,文一西路,2
1150,长岳街与长浜南路交叉口,1442,顾家畈路,2
1151,春园楼梯,1679,广景弄,1
1152,亚梭家私(杭州大厦购物城B座),1141,中山北路,2
1153,紫薇苑11-7号,72,闲林西路,2
1154,书林苑(南门),147,104国道,3
1155,丰巢快递,1295,香积寺东路,2
1156,浙江大学交通智能化管理中心,797,保俶北路,2
1157,中国农业银行ATM,1402,富春路,2
1158,安能物流(杭生路),75,104国道,3
1159,警察学院保卫处,899,园区二路,2
1160,珍爱造型,941,古河巷,1
1161,停车场(绿洲嘉园西北),2105,金鸡路,2
1162,天月网吧,783,保俶北路,2
1163,浙江省电信有限公司杭州市分公司下城区分局艮山支局,1430,环城东路,2
1164,阿里巴巴西溪园区1号楼,111,电子路,2
1165,Fissler(解百新元华),1108,开元路,2
1166,德邦,2566,衙前路,2
1167,全家(江城路店),1368,江城路,2
1168,停车场,389,紫荆花路,2
1169,郡原地产,700,老曙光路 Laoshuguang Road,2
1170,黄焖鸡米饭(永和店),2337,乔莫西路,2
1171,文华桥,595,万塘路,2
1172,知味观(秋涛路店),1498,太平门直街 Taipingmenzhi Street,1
1173,东信大道与西浦路交叉口,721,六合路,2
1174,杭州奇吧涂料,2742,红垦路,2
1175,WJ文家超市,563,文三路（公交逆向专用道）,2
1176,黄姑山社区公共服务工作站(颐高创业大厦南),602,天目山路,2
1177,杭州德奥汽车有限公司,441,石祥路,2
1178,文卫路方家山路口自行车租赁点,72,闲林西路,2
1179,傅墩西(公交站),-1,"",-1
1180,杭州宏甬机械有限公司,-1,"",-1
1181,浙江电力职业技术学院(台州路)-南区,943,树人街,1
1182,男卫生间(新世纪广场D座),2217,萧然南路,2
1183,孔凤春化妆品店,297,古墩路,2
1184,话机世界(上塘店),1031,德胜路,2
1185,阿甫玻璃,-1,"",-1
1186,浙江中医药大学滨江学院21号楼,862,滨文路,2
1187,中国工商银行24小时自助银行(杭州新市街支行),1226,东新路,2
1188,宏大汽车修理厂,72,闲林西路,2
1189,一粒果售后,2480,新城路,2
1190,杭莲美发,868,浦沿路,2
1191,中国工商银行(杭州三墩支行),366,古墩路,2
1192,神州冒菜,992,湖滨路,2
1193,戈美其(西城广场),424,古墩路,2
1194,金狮壁纸软装生活馆,427,丰潭路,2
1195,杭州春光旅游有限公司,1354,清泰街,1
1196,米市新村6幢-三单元,941,古河巷,1
1197,客佳超市(御景蓝湾店),-1,"",-1
1198,越秀亲爱里售楼部,1932,艮山东路,2
1199,唯艺全房屋定制,-1,"",-1
1200,之江财富中心停车场,494,之浦路,2
1201,打铁关社区健身点,1309,建国北路,2
1202,群英台球室,2396,机场高速,4
1203,广济路与田园巷交叉口,1384,临丁路,2
1204,沈记石锅鱼(横湖路),-1,"",-1
1205,宏兴防水(安西线),-1,"",-1
1206,蒋记佳通轮胎服务站(途虎养车店),381,长阳路,2
1207,老汤面·疙瘩(所前店),-1,"",-1
1208,杨铭宇黄焖鸡米饭(凤起店),1489,凯旋路,2
1209,小陈汽车修理厂,865,康桥路,2
1210,山东农家院,540,吴家门路,2
1211,艺嘉(东岳社区卫生服务站东),204,西溪路 Xixi Road,2
1212,杭州之瑞财务管理有限公司,1158,德胜快速路,2
1213,100%感觉(园区二路),966,明德路,2
1214,自行车租贷点,354,金家渡路,2
1215,天创装饰,1618,天运路,2
1216,浦沿街道之江社区,912,滨盛路,2
1217,冲浪手机精品店,-1,"",-1
1218,天时科创园停车场,82,龙潭路,2
1219,南宋御街与惠民路交叉口,1283,直吉祥巷,1
1220,尽心药店(三里亭店),1429,董家桥路,2
1221,上仓桥路与严官巷交叉口,1251,江城路,2
1222,旭日鲜花,410,丰庆路,2
1223,宜康冷鲜便利景芳店,1506,凤起东路,2
1224,卡孚汽车服务中心,204,西溪路 Xixi Road,2
1225,永恒珠宝,2669,6号大街,1
1226,川徽土菜馆,529,湖州街,1
1227,贡茶GONGCHA(文三西路店),519,益乐路,2
1228,中国移动鸿讯手机,2462,东湖南路,2
1229,顺达制冷家电维修部,2398,绕城高速,4
1230,兄弟电脑(仁爱路),2241,九恒路,2
1231,香港新记禧粤茶餐厅(传媒店),2663,文泽路,2
1232,中国移动(崇阳指定专营店),1101,绕城高速,4
1233,中国农业银行(钱江新城支行),1402,富春路,2
1234,老北京炸酱面(竹海水韵店),9,南环路,2
1235,停车场,48,杭长高速,4
1236,(拱墅区)莫干山路莫干山路登云路口(和睦南苑),432,莫干山路,2
1237,浙江工业大学教工之家,1095,潮王路,2
1238,肯德基(杭州印象城购物中心),445,竞舟路,2
1239,中国计量大学现代科技学院逸夫科技楼,2493,学源街,1
1240,川旺基中式快餐,2431,东湖路,2
1241,美亚大厦停车场,2422,迎宾路,2
1242,北京腾铭律师事务所,602,天目山路,2
1243,博海土菜馆,-1,"",-1
1244,MObil车养护,1475,秋溢路,2
1245,良森名车,441,石祥路,2
1246,市场监督管理,874,台州路,2
1247,阿迪达斯专柜,2350,杭海路,2
1248,东北烧烤,1786,江陵路,2
1249,老王旋转式麻辣烫(新塘分店),2424,新螺路,2
1250,特力和东家居,804,大关路,2
1251,秀港国际美容美发(24号大街),2741,之江东路,2
1252,鲜丰水果(金色黎明店),1031,德胜路,2
1253,国家电网(余杭中泰供电营业厅),42,杭徽高速,4
1254,鸡密文件,910,南环路,2
1255,水印康庭路口自行车租赁点,1182,灯塔巷,1
1256,弄堂里(转塘金街美地店),318,云河路,2
1257,泰元商行,2296,拱秀路,2
1258,云会水产25号楼,-1,"",-1
1259,华联超市(施家桥店),2337,乔莫西路,2
1260,停车场,2576,3号大街,1
1261,浙江省残疾人联合会信访办公室,655,曙光路,2
1262,战锅策创意火锅餐厅(逸盛路店),422,博园路,2
1263,江南茶楼(义蓬中路),-1,"",-1
1264,杭州优美快捷酒店(下沙传媒学院高沙商业街店),2485,学林街,1
1265,临平公园,2198,星光街,1
1266,宝洲石材,2487,七格路,2
1267,雅芳中医美容养生,2475,新城隧道,2
1268,翼风婚纱美学,556,文二路,2
1269,重庆麻辣烫,-1,"",-1
1270,宝福手机店,868,浦沿路,2
1271,德博装饰,507,祥茂路,2
1272,韩国参鸡汤,1251,江城路,2
1273,蜜果蜜制鲜饮,1872,09省道,3
1274,浙创园H1,281,花蒋路,2
1275,陈老伍麻辣烫(南阳526分店),2742,红垦路,2
1276,省总会宿舍,933,凤起路,2
1277,杭州市残疾人就业服务中心,1287,马市街,1
1278,农家木桶饭(义桥店),-1,"",-1
1279,醉爱蛋包饭,974,八丈井东路,2
1280,停车场(武林广场西),1153,后营弄,1
1281,浙江二轻旅行社,1170,永丰巷,1
1282,美丽健田园牧场(金龙店),1430,环城东路,2
1283,杭州拱墅玺公寓,325,三墩路,2
1284,百惠拓超市,2297,育才路,2
1285,高新软件园停车场,911,南环路,2
1286,小倾国时尚铁板烧(天阳D32时尚街店),812,金华路,2
1287,三白潭,-1,"",-1
1288,正宗云南大理寺过桥米线(文二店),595,万塘路,2
1289,佳尔家地板,1669,江虹路,2
1290,胡金贤木业,2639,绕城高速 杭金衢高速,4
1291,南环路与长江路交叉口,1476,滨文路,2
1292,德开地产,187,镇南路,2
1293,美肌赋,2087,山阴路,2
1294,金子坞农家乐,-1,"",-1
1295,上湖西(公交站),45,南湖路,2
1296,元沙村工业园区,2566,衙前路,2
1297,花巴巴鲜花(悠然鲜花),2542,12号大街,1
1298,美上商业中心,318,云河路,2
1299,ZIRA服装店(建国北路),1134,朝晖路,2
1300,孙国民律师事务所,1987,金城路,2
1301,达顺教育(将军殿弄),2461,东湖南路,2
1302,红会医院东自行车租赁点,1506,凤起东路,2
1303,溪渔馆(朝晖店),1134,朝晖路,2
1304,杭州星宝捷汽车服务有限公司,204,西溪路 Xixi Road,2
1305,兰娣理发室,54,宝林路,2
1306,家常酸菜鱼菜馆,1768,江晖路,2
1307,余杭区中泰乡青年中心,42,杭徽高速,4
1308,360空间大厦停车场,530,湖州街,1
1309,杭州市萧山区房地产管理处,2312,回澜路,2
1310,耀华钢管,864,拱康路,2
1311,风行汽车(元通萧山专营店),2007,建设四路,2
1312,蜀韵火锅(星火南路店),2198,星光街,1
1313,龙发装饰,763,丽水路,2
1314,食遇,1637,新月路,2
1315,自行车租赁点,74,104国道,3
1316,平乐路与滨盛路交叉口,1404,中兴立交桥,2
1317,建一村(公交站),-1,"",-1
1318,正新鸡排(八堡店),2219,下沙路,2
1319,阿萍发型设计造型,2240,高桥路,2
1320,大路棋牌,1263,秋涛路,2
1321,私享国菜(维多利亚丽嘉酒店中餐厅),1178,后市街,1
1322,洗游记(西溪店),442,灵溪隧道,2
1323,冠山消防站,1768,江晖路,2
1324,春艳房产(义盛路),-1,"",-1
1325,浙江商业职业技术学院(南门),866,滨文路,2
1326,阳光花鸟艺园,2741,之江东路,2
1327,爱彼此市场,260,文一西路,2
1328,停车场(杭州青少年活动中心西南),992,湖滨路,2
1329,蒙面猴子别墅轰趴馆,2741,之江东路,2
1330,肯德基(杭州北站店),530,湖州街,1
1331,博世包装技术(杭州)有限公司,2570,14号大街,1
1332,布拉格造型,1157,德胜快速路,2
1333,简爱精品酒店(杭州永汇店),1533,华丰路,2
1334,杭州自游天下旅行社有限公司,1376,大学路,2
1335,新华书店(乔司店),2350,杭海路,2
1336,远宾旅馆,2425,东湖路,2
1337,福雷德广场停车场,2485,学林街,1
1338,昆山妈妈好网络技术有限公司,1525,鲲鹏路,2
1339,清江路钱江路口自行车租赁点,1687,市民街,1
1340,小江修理店,2090,明星路,2
1341,重庆郭记烤鱼馆(文三路总店),424,古墩路,2
1342,停车场,103,高教路,2
1343,304西餐厅,1170,永丰巷,1
1344,余杭农村商业银行(钱塘支行),2462,东湖南路,2
1345,爱基因,1640,江汉路,2
1346,浙江省华强中等职业学校,1618,天运路,2
1347,停车场(出入口),616,三台山路,2
1348,停车场(施家湾社区北),-1,"",-1
1349,天天新鲜水果店,2256,绕城高速,4
1350,湾南社区5组59,2526,新业北路,2
1351,聆铃亭,1520,艮山西路,2
1352,丰巢自提柜,1292,新华路,2
1353,阿宝副食品批发部,2337,乔莫西路,2
1354,艾蝶(湖墅南路),922,德胜路,2
1355,EMS(东新揽投站),1127,西文街,1
1356,中国联通(丽景路营业厅),314,绕城高速,4
1357,iyou私人影咖,2485,学林街,1
1358,上海宾佳超市(丁兰路),1689,机场路 Jichang Road,2
1359,岳王路(公交站),1280,皮市巷,1
1360,英赞地产公司,2578,10号大街,1
1361,余杭交警岗亭,2461,东湖南路,2
1362,福龄花老年食品店(长板巷),1004,河东路,2
1363,稻草人(西田城),432,莫干山路,2
1364,享·爱花艺,1031,德胜路,2
1365,佐佐游泳馆,623,赵伍路,2
1366,停车场(入口),1759,同协路,2
1367,浙江省发展新型墙体材料办公室(湖墅南路),946,叶青兜路,2
1368,耶稣园,1475,秋溢路,2
1369,杭州天坤汽车用品有限公司,530,湖州街,1
1370,悦江5号,912,滨盛路,2
1371,辣阿哥,354,金家渡路,2
1372,国大雷迪森广场酒店-室内游泳池,1087,百井坊巷,1
1373,华荣时代大厦停车场(出入口),1074,滨安路,2
1374,九峰石材,1601,南环路,2
1375,义乌小商品超市(方桥店),2332,乔莫西路,2
1376,七影摄影,439,石祥路,2
1377,格力(尹悦店),1438,环城东路,2
1378,高奇装饰(月星家居),432,莫干山路,2
1379,浙江物探大楼(西南门),924,文晖路,2
1380,容维市场,2578,10号大街,1
1381,李冠王电子商务中心,2173,创业路,2
1382,天丰蔬菜(新华店),1333,建国北路,2
1383,浙江省工业品市场2区,1268,沈家路,2
1384,梨枝花韩式家庭料理,453,方家北路,2
1385,Find方得眼镜(浙江理工大学店),2485,学林街,1
1386,中国邮政24小时自助银行服务,1790,春晓路,2
1387,YLZ1978时尚生活馆,-1,"",-1
1388,爱亲母婴生活馆(金堡街店),2232,银堡街,1
1389,太兴茶餐厅,1821,剧院路,2
1390,鸟叔炸鸡,2539,天城东路,2
1391,杭州增友水产冻品商行,422,博园路,2
1392,囍洋洋汽车租赁,2485,学林街,1
1393,布丁酒店(杭州宋城美院店),321,直街,1
1394,独食主义SOLOFEST(远洋国际店),842,上塘路,2
1395,中华医学会浙江分会,967,体育场路,2
1396,金色池塘·生态农业,1896,绕城高速,4
1397,芒果宠物屋,868,浦沿路,2
1398,西溪科创园停车场,351,文一西路 Wenyi Road (West),2
1399,Park健身游泳培训中心(萧山香玉酒店),-1,"",-1
1400,中国工商银行(浙大支行),624,求是路,2
1401,杭州甘长中西医结合诊所,978,留石快速路,2
1402,沙可沙拉,319,云河路,2
1403,南墙设计,318,云河路,2
1404,南方泵业股份有限公司,267,杭宁高速,4
1405,小拇指汽车微修,65,城东路,2
1406,杭州兔小灰复式公寓西湖大道分店,1301,斗富三桥,2
1407,上亿广场(西三门),560,上塘高架,3
1408,杭州市西湖区红十字会,699,栖霞岭路,2
1409,水果批发市场,-1,"",-1
1410,黛颜堂依依微商工作室,2350,杭海路,2
1411,停车场(杭州东部国际商务中心西),2532,海达南路,2
1412,萧山科技城管理局,2652,红垦路,2
1413,豪世华邦,434,之江路,2
1414,我爱我家(文三路店),650,莫干山路,2
1415,昌化路与武林路交叉口,1087,百井坊巷,1
1416,花园(公交站),-1,"",-1
1417,卡其乐儿童乐园,987,滨盛路,2
1418,农夫台球娱乐厅,2511,智格路,2
1419,中国工商银行ATM(西溪印象城),205,天目山路 Tian Mu Shan Road,2
1420,顶上假发(凤起店),1327,东清巷,1
1421,藏源閣香茶館,1753,五福路,2
1422,阿旺电动车维修部,2083,德胜路,2
1423,杭州师范大学恕园27,104,高教路,2
1424,大江东税务分局办税服务厅,-1,"",-1
1425,贝因美母婴生活馆(宁安社区店),2243,宁东路,2
1426,中国福利彩票,1532,华丰路,2
1427,嘉本堂,1587,双菱路,2
1428,精品砂锅,2673,围垦街,1
1429,乐慧PARK,-1,"",-1
1430,阿三发型(南市花园北),2212,道源路,2
1431,小活塞车行俱乐部,604,余杭塘路,2
1432,中华联合财产保险股份有限公司浙江分公司,822,德胜高架东延线,3
1433,食尚便当,65,城东路,2
1434,杭州东欣会计师事务所(东湖中路),2198,星光街,1
1435,杭州广仁医院停车场,1742,艮山西路,2
1436,外海商厦,1263,秋涛路,2
1437,鼓楼刻字店,1251,江城路,2
1438,中益堂,1725,西兴大桥,2
1439,衢州家乡菜,2712,10号大街,1
1440,澳洁干洗(长睦店),2032,绕城高速,4
1441,杭州东站(北进站口),1826,新塘路,2
1442,可美可派(华达路),75,104国道,3
1443,永丰化工厂,-1,"",-1
1444,昌盛门窗(12号大街),2741,之江东路,2
1445,杭州地铁,2297,育才路,2
1446,杭州运河契弗利酒店,891,霞湾路,2
1447,世纪联华(外海店),1263,秋涛路,2
1448,浙江省消费者权益保护委员会,639,西溪路,2
1449,东阳市横峰建筑工程有限公司,1405,新城隧道,2
1450,v+高端酒廊,1121,邮电路,2
1451,维丰图文,1263,秋涛路,2
1452,宁波银行(余杭支行),2461,东湖南路,2
1453,利安达会计师事务所,598,天目山路,2
1454,女人我最大美容SPA会所,899,园区二路,2
1455,邮电路(公交站),1225,中河中路,2
1456,浙江电力职业技术学院(台州路)南区-8号学员楼,943,树人街,1
1457,金宝贝国际早教(文三路),903,武林巷,1
1458,安徽料理,743,湖州街,1
1459,乐座三郎日本料理,1189,中河高架,3
1460,浙江省文物鉴定委员会,1089,延安路,2
1461,金色汇春,1537,解放东路,2
1462,优宝少儿影视中心,488,拱苑路,2
1463,春城花卉,2636,绕城高速 杭金衢高速,4
1464,鲜丰水果(湖墅二店),557,文二路（公交逆向专用道）,2
1465,杭州日报报业集团(新城发行站),1743,庆春东路,2
1466,杭州宝驰汽车修理服务有限公司,1919,杭海路,2
1467,浙江工商大学教工路校区篮球场(春华路),556,文二路,2
1468,东方寓舍·黄龙饭店,1783,庆春隧道,2
1469,杭州萧山国际机场候机区,-1,"",-1
1470,新沙家园停车场(入口),2597,文渊路,2
1471,黛尼美美容美发,-1,"",-1
1472,最高发苑,507,祥茂路,2
1473,浙江大学玉泉校区足球场,624,求是路,2
1474,公共厕所,-1,"",-1
1475,杭州三溢酒店,652,黄姑山横路,2
1476,新蒙篮球馆,1887,之江路,2
1477,vivo专卖店(上沙路),2539,天城东路,2
1478,男卫生间(宝龙广场),2014,建设一路,2
1479,月宝理发店,325,三墩路,2
1480,上海良凤物流,978,留石快速路,2
1481,采荷老人公寓,1588,采荷支路,2
1482,包租公公寓,-1,"",-1
1483,天梭(中都百货),1336,建国路,2
1484,京东实验幼儿园,1444,艮山西路,2
1485,红果果乐园,1981,长虹路,2
1486,杭州市上城区教育局,1251,江城路,2
1487,交通银行24小时自助银行(甘水巷),895,复兴路,2
1488,网宿酒店(乐通店),1628,滨安路,2
1489,汉庭酒店(杭州中泰路店),42,杭徽高速,4
1490,零距离健身游泳培训班,1522,滨和路,2
1491,七千寻饮品,2742,红垦路,2
1492,缘氛(银泰百货A馆),1141,中山北路,2
1493,杭州师范大学仓前校区教师教育管理办公室,103,高教路,2
1494,杭诚电脑维修,377,文二西路 Wen'er Road West,2
1495,杭州水利水电勘测设计院有限公司(杭州市林木种苗管理中心东),1310,秋涛路,2
1496,开心茶楼(商贸街),-1,"",-1
1497,SPA美容生活馆,2691,12号大街,1
1498,浙江商业职业技术学院,866,滨文路,2
1499,湘西私房蒸鸡,1622,秋涛路,2
1500,无限极(普德路),2083,德胜路,2
1501,步云楼大酒店,9,南环路,2
1502,环北市场(公交站),1294,双眼井巷,1
1503,富林装饰,2198,星光街,1
1504,杭州华美达酒店-会议厅,1186,信诚路,2
1505,奕豪电动,-1,"",-1
1506,停车场(欧诺臻品酒店西南),1690,月明路,2
1507,望月社区文化小广场,386,育英路,2
1508,杭州新传媒产业大厦停车场(出入口),1743,庆春东路,2
1509,下城区卫生局,1268,沈家路,2
1510,小徐鲜混沌(三墩路店),439,石祥路,2
1511,尖山村社区服务中心,-1,"",-1
1512,丰巢(彩宏大厦),866,滨文路,2
1513,杭州市电子市场,1679,广景弄,1
1514,OT另茶(来福士店),1821,剧院路,2
1515,中河南路与元宝街交叉口,1251,江城路,2
1516,星火钢琴艺术中心(亲亲家园店),381,长阳路,2
1517,停车场,1917,飞虹路,2
1518,我得菜(闸弄口蔬菜市场),1594,艮山西路 Genshan Road (West),2
1519,罗森便利店,1690,月明路,2
1520,MissNee半永久美妆护肤工作室,1361,凤起路,2
1521,杭州国大雷迪森广场酒店,1087,百井坊巷,1
1522,老小店(公交站),-1,"",-1
1523,八达进出口,1365,望江路,2
1524,柔婷美容院(香积寺路),884,绍兴路,2
1525,硒旺,974,八丈井东路,2
1526,小河里与谢村路交叉口,860,拱康路,2
1527,强贲投资,441,石祥路,2
1528,杭州市余杭区旅游局,2462,东湖南路,2
1529,藏友休闲阁,2205,市心南路,2
1530,兴惠公园,2566,衙前路,2
1531,炸货style,1323,望江路,2
1532,凯耀建筑,2198,星光街,1
1533,星期六儿童水上主题乐园(滨盛路),1598,江虹路,2
1534,顺新美容美发用品超市,885,上塘路,2
1535,交通银行浙江省分行停车场(出口),1783,庆春隧道,2
1536,板桥路-占道停车场,1187,中山中路,2
1537,三里兰苑南门(公交站),1490,三里亭路,2
1538,姜丽副食品店,2468,新城路,2
1539,咬不得高祖生煎(浦沿物美店),899,园区二路,2
1540,杭州名人名车旧机动车经纪有限公司,432,莫干山路,2
1541,物产元通·浙江奥通杭州机场奥迪VIP馆,-1,"",-1
1542,招商银行ATM,884,绍兴路,2
1543,中国民生银行,1768,江晖路,2
1544,科发源杭州植发中心,196,西溪路,2
1545,杭州市拱墅区中医医院,820,登云路,2
1546,乔登美语(学源街),2577,高沙路,2
1547,小阿迪专柜,2297,育才路,2
1548,停车场,1876,09省道,3
1549,杭州道声(杭州旗舰店),434,之江路,2
1550,滨江区高新技术产业开发区国家税务局(春晓路),1690,月明路,2
1551,芳芳建材(藕花洲大街),2418,新丰路,2
1552,诚越鞋业,1222,轧钢路,2
1553,AlohaCoffee,1665,近江东路,2
1554,杏兴粮油饲料店,-1,"",-1
1555,景冉教育,2741,之江东路,2
1556,中国农业银行24小时自助银行(杭州朝阳支行),1932,艮山东路,2
1557,雅堂小超(畈社区北苑四店),2189,杭海路,2
1558,银泰城西湖店停车场,1178,后市街,1
1559,儿童户外写真,1975,之江东路,2
1560,浩兰超市,2478,新城路,2
1561,杭州华联星光大道文化传播有限公司,1708,泰安路,2
1562,杭州市城区河道陈列馆,1494,庆春东路,2
1563,道一跆拳道,1342,庆春路,2
1564,伊人美专业祛斑养生,2312,回澜路,2
1565,浙江工业大学工业催化学科,1221,东晖路,2
1566,杭州职业技术学院,2493,学源街,1
1567,铜鼓路与闻潮路交叉口,1365,望江路,2
1568,万家福超市(河中路),-1,"",-1
1569,乾圣元堂,1228,望江路,2
1570,印尚美容美发美体SPA(东新路),1523,秋石高架,3
1571,停车场,2198,星光街,1
1572,廻鲜家回转寿司(银泰百货B馆),1141,中山北路,2
1573,瓜沥镇文体中心,-1,"",-1
1574,丝绸之韵(高银店),1225,中河中路,2
1575,浙江省交通规划设计研究院,1006,武林路,2
1576,浙江大学西溪校区停车场(武林综合楼西南),797,保俶北路,2
1577,PICC中国人民保险,1944,明珠街,1
1578,东北一家人(草庄路),1031,德胜路,2
1579,中国银行(杭州保俶路支行),917,省府路,2
1580,中国石油化工股份有限公司浙江石油分公司,1251,江城路,2
1581,旗舰装饰公司仓库,1841,江陵路,2
1582,舒美居家饰(星火南路),2198,星光街,1
1583,杭州余杭区聚农粮油专业合作社,19,207省道,3
1584,新华副食品批发部,-1,"",-1
1585,夹城巷社区残疾人协会,557,文二路（公交逆向专用道）,2
1586,杭州嘉城旧机动车经纪有限公司,395,萍水路,2
1587,大庄村委会,-1,"",-1
1588,中国工商银行(保俶支行),968,体育场路,2
1589,宏广手机店,127,振华路,2
1590,中通快递(滨江公司),866,滨文路,2
1591,华泰保险股份有限公司(余杭瓶窑店),-1,"",-1
1592,萧山商会大厦C座,1987,金城路,2
1593,杭州机动车驾驶人理论培训(城北培训点),530,湖州街,1
1594,肯德基(杭州上塘店),944,大关苑路,2
1595,天赐里与莫衙营交叉口,1458,曲桥,2
1596,文津小学,683,景苑路,2
1597,建华市场,1097,兴业街,1
1598,杭州市慈善总会办公室,702,教工路,2
1599,杭州江南锻压机床厂,-1,"",-1
1600,东新金属,888,拱康路,2
1601,杭州口腔医院停车场(出口),1104,解放路,2
1602,杭州市地方税务局稽查一局,1319,建国南路,2
1603,萧山天天乐儿童亲子游乐园,2377,商城西路,2
1604,圣火广场,2485,学林街,1
1605,杭州众佳贸易有限公司,1761,五福路,2
1606,元谷创意园,623,赵伍路,2
1607,杭州浦沿新生苗圃,806,新浦路,2
1608,杭州胡庆余堂参茸保健品公司,966,明德路,2
1609,中国鸟类学史料中心,1191,中河高架,3
1610,杭州汽车综合性能检测中心城东站,1932,艮山东路,2
1611,东海搬家,1235,长庆巷,1
1612,一鸣真鲜奶吧(海鲜城店),1315,钱江路,2
1613,杭州物资系统联建宿舍,882,绍兴路,2
1614,浙江银旭投资管理有限公司,835,南环路,2
1615,杭州泛美航空旅行社有限公司,1281,冯山人巷,1
1616,杭铁检法大楼,1538,解放东路,2
1617,凯旋街道办事处,1704,新塘路,2
1618,滨盛(公交站),1637,新月路,2
1619,桃北新村洗车行,-1,"",-1
1620,浙江财经大学行政楼,2741,之江东路,2
1621,芝根芝底(大关店),884,绍兴路,2
1622,雅戈尔(听涛路),2712,10号大街,1
1623,钱塘丽景国际酒店公寓,1640,江汉路,2
1624,中国移动(西湖教工路营业厅),783,保俶北路,2
1625,浙江省花卉协会,1506,凤起东路,2
1626,杭州西斗门工业园区,351,文一西路 Wenyi Road (West),2
1627,人鱼崛起健身餐南落马营店,1315,钱江路,2
1628,格拉苏格(城西银泰城),488,拱苑路,2
1629,浙江祥通汽车城直营店,529,湖州街,1
1630,总台,1141,中山北路,2
1631,咬不得高祖生煎,1336,建国路,2
1632,环球市场杂志社,1225,中河中路,2
1633,釜山香村韩国料理(上塘路店),1094,潮王路,2
1634,停车场,2324,利华路,2
1635,石灰坝,1094,潮王路,2
1636,自行车租赁点(汇宇华鑫大酒店西),2352,大通路,2
1637,停车场(闲兴路),87,闲富路,2
1638,钱家楼教堂,-1,"",-1
1639,长征桥社区卫生服务站,695,小河路,2
1640,花纹Tea&SingleMalt,800,湖墅北路,2
1641,中国联通(三墩路联沃体验厅),439,石祥路,2
1642,杭州联合银行ATM,2531,德胜东路,2
1643,天目茂林(延安路店),1141,中山北路,2
1644,三替搬新家,2083,德胜路,2
1645,新宇商务酒店(杭州西湖店),657,曙光路,2
1646,好心情大药房,2337,乔莫西路,2
1647,华润万家濮家店停车场,1618,天运路,2
1648,李家超市,-1,"",-1
1649,星达智能手机精品店,1384,临丁路,2
1650,周家头(公交站),-1,"",-1
1651,龙翔桥地铁站B3口,1161,仁和路（吴山夜市）,2
1652,中信证券(杭州滨盛路证券营业部),1787,江陵路,2
1653,九马养车,94,留和路,2
1654,停车场(华星公寓西),569,文三路,2
1655,喜缘花店,1087,百井坊巷,1
1656,今世缘大酒店(近江路店),434,之江路,2
1657,三里亭苑,1547,秋石高架,3
1658,清波街道孝美养老服务中心,1240,河坊街,1
1659,樊思形象设计,2074,留石快速路,2
1660,光头专业锁眼,1975,之江东路,2
1661,继明棋牌,882,绍兴路,2
1662,浙江大学城市学院南校区第5教学楼,815,湖州街,1
1663,杭州市育才外国语学校,389,紫荆花路,2
1664,精喻图文,351,文一西路 Wenyi Road (West),2
1665,宋都阳光国际停车场,2287,胜稼路,2
1666,速博汽车服务,233,紫霞街,1
1667,德胜海鲜,2325,利华路,2
1668,停车场,-1,"",-1
1669,停车场(通北路),46,南渠北路,2
1670,滨文路与至善路交叉口,1000,明志路,2
1671,圣宠宠物店(杭州滨江店),1486,滨盛路,2
1672,赤柱真人cs俱乐部,1527,秋石高架,3
1673,石桥社区文化活动中心,1564,秋石高架,3
1674,立祥跆拳道仁和馆,267,杭宁高速,4
1675,天欣果蔬仓储量贩,1310,秋涛路,2
1676,广式烧腊饭,2485,学林街,1
1677,杭州高新技术产业开发区(滨江)科学技术协会,1690,月明路,2
1678,黑泷堂(永庆路店),814,湖州街,1
1679,教工路体校宿舍,569,文三路,2
1680,三里新城兰苑停车场(出入口),1490,三里亭路,2
1681,亮点自助牛排(文渊店),2485,学林街,1
1682,爱河婚纱摄影,1166,屏风街,1
1683,真K·小酒馆,1256,建国南路,2
1684,稻草人,2566,衙前路,2
1685,徽州饭店(高沙店),2535,华景街,1
1686,天乐休闲会所(塘栖路),-1,"",-1
1687,杭州广播电视大学开放学院,1090,凤起路,2
1688,佳豪图文(潮王路),1126,新市街,1
1689,丸来玩趣(望江物美店),1365,望江路,2
1690,台州路社区消防工作站,875,舟山东路,2
1691,珂卡芙(春晓路),1845,滨和路,2
1692,兴达洗衣(朝晖路店),1399,朝晖路,2
1693,黄姑山社区-避灾安置点,702,教工路,2
1694,荷花塘农贸市场(映荷街),2198,星光街,1
1695,西湖文化广场HJ区,1191,中河高架,3
1696,浙江传媒学院国际交流中心,2663,文泽路,2
1697,弘善大药房(集萃路店),285,留祥路,2
1698,贺田尚城,673,新生路,2
1699,报刊亭,1354,清泰街,1
1700,求智社区残疾人协会,650,莫干山路,2
1701,THK(中国)杭州事务所,882,绍兴路,2
1702,武林路与湖墅南路交叉口,967,体育场路,2
1703,韩味馆(西湖店),624,求是路,2
1704,浙江省疾病预防控制中心分部,1555,秋涛路,2
1705,中国农业银行(余杭支行),2198,星光街,1
1706,星巴克咖啡(杭州市民中心店),1538,解放东路,2
1707,仁联人力资源,2208,建设二路,2
1708,舒仕婴童馆,2005,建设四路,2
1709,晨光文具(明川店),804,大关路,2
1710,中石化碧辟加油站(中流),-1,"",-1
1711,中国建设银行(天城路支行),1618,天运路,2
1712,杭州站(检票口),1354,清泰街,1
1713,LaSeine,2731,学府街,1
1714,杭州东站P5停车场(北出口),1760,新塘路,2
1715,山海经杂志社,557,文二路（公交逆向专用道）,2
1716,爱康宠物(萍水街),544,古翠路,2
1717,旦万桥,1755,同协路,2
1718,杭州浙顺投资管理有限公司,906,湖墅南路,2
1719,红金石乒乓球俱乐部,1333,建国北路,2
1720,乐盈天酒店(西石塘街店),1872,09省道,3
1721,朗庭公馆停车场(光裕路),866,滨文路,2
1722,天虹商场B座杭州购物中心(北门),1799,钱潮路,2
1723,杭州市萧山区北干街道文化广播站,2177,杭棉路,2
1724,普华投资管理有限公司,1143,环城北路,2
1725,杭州江南胃胆病研究所,1630,滨安路,2
1726,华立创客2号楼,124,联胜路,2
1727,上海浦东发展银行(保俶支行),968,体育场路,2
1728,中国农业银行24小时自助银行(之江路),434,之江路,2
1729,依然草莓园,2108,金鸡路,2
1730,迪士尼(银泰城),1178,后市街,1
1731,九堡社区旅馆行业协会,2258,久盛路,2
1732,江东大桥入口(德胜快速路入口东向),2493,学源街,1
1733,中国邮政EMS,702,教工路,2
1734,森禾广场,1276,钱江路,2
1735,人民公社(建国北路),1361,凤起路,2
1736,Thankumom(西湖银泰店),1178,后市街,1
1737,清江路与三益线交叉口,2016,文明路,2
1738,杭州市小营街道图书馆,1104,解放路,2
1739,爱可茶餐厅(孩儿巷店),1141,中山北路,2
1740,联庄2区34号楼,911,南环路,2
1741,捷钦杰娱乐城,2742,红垦路,2
1742,徽味面馆(风景街店),734,桥弄街,1
1743,杭州舒适小屋普通公寓,758,丽水路,2
1744,连庄汇棋牌会所(海威店),1920,西兴路,2
1745,君临广场(北门),2461,东湖南路,2
1746,杭州站改签窗口19,1497,婺江路,2
1747,浙江融哲律师事务所,1145,环城北路,2
1748,世纪大道西与良熟一号路交叉口,2327,09省道,3
1749,石灰坝与长板巷交叉口,986,潮王路,2
1750,威司顿门窗,1279,半山路,2
1751,东塘河菜市场,376,勾运路,2
1752,神州汽车租赁有限公司(杭州分公司),792,杭大路,2
1753,元瑞城市花园酒店-会议厅,1790,春晓路,2
1754,杭州普星电器厂,-1,"",-1
1755,杭州华力电脑维修学校,72,闲林西路,2
1756,欧妮蒂丝美颜美体(杭州运河店),853,上塘路,2
1757,来士宝中式快餐(天荷路店),2198,星光街,1
1758,朗坤装饰材料(杭州市电力局路灯管理所西北),1510,凤起东路,2
1759,奔驰房车商务车专卖店,1193,再行路,2
1760,采东五金建材,1702,新塘路,2
1761,九区礼品店,1004,河东路,2
1762,浙江工商大学食品工程与质量安全实验教学中心,557,文二路（公交逆向专用道）,2
1763,旭腾轮胎修理店,2316,南环路,2
1764,谷博士祛痘专业养生会所,557,文二路（公交逆向专用道）,2
1765,毕记早餐,-1,"",-1
1766,堡铭香烟店,2219,下沙路,2
1767,上塘高架与新市街交叉口,1071,上塘路,2
1768,杭帮菜面盖浇饭,431,莫干山路,2
1769,云柜服务站,2541,海通街,1
1770,华联超市(西溪水岸店),203,文二西路 Wen'er Road West,2
1771,李氏骨头饭,2337,乔莫西路,2
1772,余杭区余杭街道通济社区卫生服务站,58,凤凰山路,2
1773,杭州晓风书屋(南大街),2442,临东路,2
1774,白杨街道社区卫生服务中心(计生服务与药具发放点),2595,4号大街,1
1775,小桑树造型(五联西苑店),368,文三西路,2
1776,觅茶缘(文三店),886,马塍路,2
1777,探索发型工作室(费家塘店),1496,沈家路,2
1778,联合新苑商铺销售中心,1952,华丰路,2
1779,御顺阁,1031,德胜路,2
1780,恒晟图文(教工店),783,保俶北路,2
1781,瑞莱克斯大酒店中餐厅,978,留石快速路,2
1782,全羊馆,1654,华中路,2
1783,星推网,1178,后市街,1
1784,九堡社区一区健身苑,2258,久盛路,2
1785,女卫生间(龙翔服饰城),1187,中山中路,2
1786,与邀俱乐部,623,赵伍路,2
1787,龙潮美式炭火烤鱼(中泰店),42,杭徽高速,4
1788,悦Cafe&Bar,2246,永久路,2
1789,浙江远行律师事务所,602,天目山路,2
1790,双益科技(朝晖路),1143,环城北路,2
1791,长庆花圈店,1333,建国北路,2
1792,(下城区)中山北路中山北路观巷,1235,长庆巷,1
1793,中国体育彩票,986,潮王路,2
1794,停车场(祖庙巷),1280,皮市巷,1
1795,杭州市电子信息职业学校-行政图书楼,1881,丁兰路,2
1796,馋嘴花甲,1310,秋涛路,2
1797,浙江文华大酒店停车场,432,莫干山路,2
1798,御米堂(宝龙美食广场店),2731,学府街,1
1799,红树林生活半径,1533,华丰路,2
1800,太福水果(潘水店),2247,高桥路,2
1801,小营街道葵巷社区健身点,1405,新城隧道,2
1802,华数(勾庄营业厅),324,好运路,2
1803,千岛湖鱼馆(城院南门店),975,沈半路,2
1804,杭州余杭博陆医院,-1,"",-1
1805,中国农业银行24小时自助银行(杭州所前支行),2297,育才路,2
1806,临平南苑兴泉烟酒行,2422,迎宾路,2
1807,杜氏正宗东北菜,815,湖州街,1
1808,麦庙港,1583,新风路,2
1809,小時新生儿摄影工作室,1975,之江东路,2
1810,开锁钟表维修,410,丰庆路,2
1811,坛花庵路245号停车场,-1,"",-1
1812,速8酒店(杭州下沙学源店),2485,学林街,1
1813,轻食坊(龙游路店),1111,麒麟街,1
1814,彭埠镇五堡社区服务中心,1919,杭海路,2
1815,停车场,1953,沪杭高速,4
1816,置鼎明珠1号南区,1903,环丁路,2
1817,停车场,2260,杭海路,2
1818,新达蔬菜配送中心,518,塘萍路,2
1819,浙江省学生联合会,1047,凤起路,2
1820,中国电信股份有限公司蒋村支局,372,文二西路,2
1821,杭州生活周刊,2233,桑植路,2
1822,扶梯(西田城),432,莫干山路,2
1823,阿牛果蔬(云第公寓店),966,明德路,2
1824,中国联通武林衢江路罗旭合营厅,434,之江路,2
1825,刘记湘菜馆(钱潮路),1932,艮山东路,2
1826,杭州天映影视传媒有限公司,1519,机场路 Jichang Road,2
1827,开元名都停车场,2087,山阴路,2
1828,杭州游泳馆售票处,1208,中河高架,3
1829,乔丹体育(蚕桑中路),2083,德胜路,2
1830,杭州金达龚老汉特种水产有限公司,-1,"",-1
1831,景湖社区妇女维权工作站,1510,凤起东路,2
1832,杭州志达消防检测有限公司,2422,迎宾路,2
1833,中国体育彩票(物美店),2669,6号大街,1
1834,浙江圣奥家具制造有限公司(宁东路),2007,建设四路,2
1835,中国电信(万家星城营业厅),1105,兴业街,1
1836,品全购物中心(永西店),2203,杭浦高速,4
1837,中国移动(西园七路),270,西园路,2
1838,科学24小时杂志社(武林广场东通道),967,体育场路,2
1839,摩托车电动车维修,2050,沪杭高速,4
1840,简约造型,324,好运路,2
1841,杭州联合银行24小时自助银行(汽车城分理处),674,通益路,2
1842,中国一汽,308,紫之隧道,2
1843,112(如家快捷酒店),1087,百井坊巷,1
1844,大红鹰超级市场,2461,东湖南路,2
1845,浙江三立开元名都大酒店(3号门),1097,兴业街,1
1846,迪凯国际中心,1828,之江路,2
1847,大津泥硅藻泥(月星家居),530,湖州街,1
1848,杭州时代投资管理有限公司,1178,后市街,1
1849,宇翔板业,-1,"",-1
1850,杭州灯泡厂,548,古翠路,2
1851,联胜社区青少年活动中心,2345,杭浦高速,4
1852,迪迪轮胎(途虎养车店),598,天目山路,2
1853,筷湘食浏阳蒸菜(新塘路店),1510,凤起东路,2
1854,肯德基(杭州浦沿店),899,园区二路,2
1855,蓝贝电动车(所前专卖店),-1,"",-1
1856,报刊亭,1146,定安路,2
